kid,kid,7538
,parent,4810
,teach,3229
,adult,1664
,bunch,923
,toy,601
,candy,425
,grandkid,414
,educate,406
,foster,366
,age,362
,skinny,325
,playground,270
,bully,231
,whiz,218
,comeback,208
,troubled,191
,punk,190
,inner-city,184
,karate,180
,baby-sit,170
,autistic,161
,tease,159
,overweight,149
,nowadays,141
,kindergarten,130
,grown-up,117
,spoiled,110
,preschool,103
,wimpy,101
,at-risk,100
,good-looking,96
,raising,95
,underprivileged,89
,daycare,89
,disadvantaged,83
,vaccinate,83
,molest,73
,tow,72
,underage,67
,stroller,67
,school-age,67
,retarded,66
,adopted,65
,chubby,64
,scrawny,58
,grown,56
,after-school,55
,adhd,53
,spank,53
,latchkey,52
,grown-up,52
,abused,48
,skateboard,46
,nerdy,41
,well-behaved,38
,wedlock,38
,picky,37
,school-aged,36
,tutor,36
,unsupervised,35
,trick-or-treating,34
,six-year-old,34
,ten-year-old,34
,unruly,34
,wide-eyed,33
,hyperactive,33
,geeky,33
,sandbox,33
,r-rated,32
,bratty,31
,well-adjusted,30
,banjo,29
,precocious,29
,lanky,29
,impressionable,28
,whiny,28
,rowdy,28
,throwaway,27
,nickelodeon,26
,snot-nosed,26
,overgrown,26
,nine-year-old,26
,prep,26
,schoolyard,26
,eight-year-old,26
,college-age,25
,rambunctious,25
,koala,24
,gangly,24
,playroom,22
,clean-cut,22
,gaggle,21
,unvaccinated,21
,goth,20
,home-schooled,20
,messed-up,20
,shuttle,20
,emo,20
,meddling,20
,mixed-up,20
,grade-school,19
,biracial,19
,snotty,19
,free-range,18
,malnourished,18
,boomerang,18
,pudgy,18
,well-rounded,18
,freckle-faced,17
,scruffy,17
,trust-fund,17
,fatherless,17
,hide-and-seek,17
,homeschool,17
,dumbass,16
,whiz,16
,single-parent,16
,fifteen-year-old,16
,unaccompanied,15
,college-bound,15
,playtime,15
,scrappy,15
,houseful,15
,dorky,15
,wiz,14
,tween,14
,vaccinated,14
,screwed-up,14
,kickball,14
,potty,14
,brainy,14
,age-appropriate,13
,fourteen-year-old,13
,dyslexic,13
,middle-school,13
,fresh-faced,13
,preppy,12
,fun-loving,12
,long-haired,12
,twelve-year-old,12
,improv,11
,busload,11
,advert,11
,pimply,11
,back-to-school,11
,fidgety,11
,twenty-year-old,11
,carpool,11
,moxie,11
,burb,11
,hooky,10
,horse,10
kill,kill,8503
,shoot,3159
,soldier,2749
,american,2293
,civilian,2198
,injure,1834
,innocent,1780
,wound,1626
,threaten,1472
,accident,1175
,thousand,1022
,enemy,911
,bomb,911
,fucking,901
,crash,872
,cop,815
,troop,806
,accuse,793
,israeli,770
,capture,752
,terrorist,702
,bacteria,673
,palestinian,653
,israeli,564
,torture,559
,gunman,551
,bombing,550
,suicide,546
,instantly,509
,muslim,481
,rape,480
,mockingbird,479
,bullet,476
,iraqi,444
,dozen,441
,bastard,431
,ambassador,428
,marine,422
,wounded,418
,explosion,415
,wolf,406
,drone,401
,accidentally,387
,iraqi,353
,maim,348
,allegedly,337
,hunt,311
,bomber,302
,deer,300
,hunter,288
,motherfucker,286
,militant,282
,injured,280
,unarmed,279
,hostage,277
,beast,275
,policeman,254
,convict,246
,vampire,246
,blast,239
,bomb,239
,kidnap,238
,raid,236
,insurgent,227
,protester,218
,rob,212
,unborn,210
,sniper,207
,innocent,202
,poison,201
,murderer,198
,goose,190
,afghan,187
,intent,184
,airstrike,183
,outright,182
,brutally,177
,mob,176
,plot,171
,sailor,162
,assassin,157
,germ,156
,nazi,152
,serviceman,147
,flu,141
,intentionally,138
,attacker,137
,messenger,136
,aboard,134
,self-defense,132
,pedestrian,131
,clash,130
,roadside,129
,indiscriminately,127
,taliban,123
,mosquito,119
,suspected,119
,pakistani,115
,gunfire,113
,kill,103
,hitman,101
,bystander,100
,parasite,100
,sunni,100
,coon,99
,livestock,98
,shootout,98
,coyote,98
,ambush,97
,pathogen,94
,buffalo,93
,laden,90
,guerrilla,90
,imprison,88
,shoot,88
,villager,87
,fetus,87
,wreck,87
,conspire,85
,ex-wife,84
,spree,79
,fucker,78
,intruder,77
,lebanese,77
,hired,76
,tsunami,76
,fungus,73
,maimed,73
,assailant,73
,dig,72
,demonstrator,72
,mortar,72
,suspense,70
,pest,70
,elk,67
,afghan,67
,larva,65
,infidel,64
,tragically,64
,stray,64
,zealot,63
,kurd,63
,frost,62
,rampage,62
,consulate,62
,bikini,59
,bodyguard,58
,impunity,56
,poacher,54
,syrian,50
,kidnapper,49
,remorse,47
,falling,45
,hit-and-run,44
,cockroach,43
,moss,43
,sicken,42
,herbicide,42
,ambush,41
,captor,41
,combatant,41
,avenge,41
,mite,40
,bison,40
,microorganism,38
,random,38
,estranged,37
,crossfire,37
,monoxide,37
,firefight,36
,expletive,36
,spore,36
,defenseless,35
,vigilante,35
,machete,35
,duel,35
,leopard,34
,licence,34
,drone,33
,albanian,33
,commando,33
,al-qaida,33
,pakistani,32
,non-combatant,32
,armenian,32
,bicyclist,30
,cougar,29
,countryman,29
,crewman,28
,shrapnel,28
,off-duty,27
,roach,27
,drive-by,27
,humanely,25
,yemeni,25
,louse,25
,tutsi,25
,boating,24
,boar,24
,militiaman,23
,wantonly,23
,fleeing,23
,imprisoned,23
,unjustly,22
,unintentionally,22
,gazan,22
,shelling,22
,somali,22
,worshiper,22
,needlessly,22
,libyan,21
,qualm,21
,head-on,20
,masse,20
,worshipper,20
,viciously,18
,mutilated,18
,motorcyclist,18
,cruelly,18
,raped,18
,mercilessly,17
,undead,17
,indiscriminate,17
,two-year-old,17
,stampede,17
,dressed,17
,cyanide,17
,gunfight,17
,insecticide,16
,paratrooper,16
,tribesman,16
,stepson,16
,fatted,15
,botched,15
,paddock,15
,drive-by,15
,vermin,15
,melee,14
,policewoman,14
,non-muslim,14
,sarin,14
,philistine,14
,unlawfully,13
,drug-related,13
,half-brother,13
,licence,13
,wrongfully,13
,antifreeze,13
,minotaur,12
,southbound,12
,sharpshooter,12
,paramilitary,12
,premeditation,12
,pussycat,12
,fentanyl,12
,summarily,12
,irradiation,12
,martian,12
,twinkie,12
,moslem,12
,stepdaughter,11
,amalekite,11
,pro-government,11
,savagely,11
,compunction,11
,pro-democracy,11
,strangulation,10
,gook,10
,afghani,10
,kenyan,10
,crewmember,10
,point-blank,10
,first-born,10
,mudslide,10
,senselessly,10
,rioter,10
knock,out,7591
,door,6334
,down,5289
,off,3801
,off,2445
,out,2187
,over,1862
,knock,1547
,unconscious,475
,wall,437
,ground,408
,wind,400
,wood,356
,tooth,350
,knock,324
,ball,307
,front,266
,sock,257
,down,207
,knee,198
,ass,187
,chair,185
,storm,149
,aside,114
,accidentally,109
,opponent,94
,backward,88
,pin,74
,fist,64
,lamp,64
,loose,61
,sideways,60
,softly,59
,flat,58
,flat,57
,loudly,51
,punch,48
,blow,48
,senseless,48
,butt,47
,porch,46
,lightly,46
,blast,45
,loop,45
,kick,44
,backwards,43
,straw,42
,elbow,40
,stuffing,37
,nigga,37
,pedestal,37
,unconscious,36
,askew,35
,offline,34
,vase,32
,loose,28
,peg,28
,off-balance,26
,knuckle,25
,domino,24
,perch,24
,jumper,23
,knocking,23
,politely,22
,temporarily,22
,gust,21
,tsunami,20
,puck,20
,concussion,20
,upside,19
,champ,19
,foreman,19
,rust,19
,lantern,17
,violently,16
,buster,16
,momentarily,16
,loose,16
,lineman,15
,bowling,14
,putt,14
,overboard,13
,notch,13
,armored,12
,doorbell,12
,heavyweight,12
,hinge,11
,sprawling,11
,mailbox,11
,kilter,11
,right,10
,off-line,10
,knocker,10
,chimney,10
,defending,10
,doorstep,9
,hustle,9
,forcefully,9
,snot,9
,bulldozer,9
,substation,8
,racket,8
,ajar,8
,burglar,8
,transformer,8
,assailant,8
,inadvertently,8
,ashtray,8
,noggin,7
,three-pointer,7
,cameraman,7
,undefeated,6
,falling,6
,defending,6
,backside,6
,timidly,6
,cooling,6
,drunkenly,5
,warplane,5
,briskly,5
,doorframe,5
,roundhouse,5
,headboard,5
,siding,5
,jamb,5
,tentatively,5
,viciously,5
,half-open,5
,mouthpiece,5
,top-ranked,5
,scaffolding,5
,midair,5
,errant,5
,shove,5
,derecho,4
,silverware,4
,arse,4
,cobweb,4
,backdoor,4
,second-seeded,4
,clumsily,4
,cocked,4
,icicle,4
,kettlebell,4
,epithelium,4
,behind,4
,strawman,4
,buzzer,4
,cherrywood,4
,centrifuge,4
,doorjamb,4
,clawed,4
,guard,4
,off-course,4
,diseased,4
,uppercut,4
,defenseman,4
,chloroform,4
,nor'easter,4
,sledgehammer,4
,tranquilizer,4
,kerosene,4
,unconsciousness,3
,puncher,3
,sconce,3
,broadside,3
,eave,3
,windowpane,3
,landlady,3
,knee-jerk,3
,sternum,3
,oft,3
,hydra,3
,full-grown,3
,crazily,3
,headstone,3
,scuffle,3
,teacup,3
,headfirst,3
,battering,3
,sell-off,3
,hairbrush,3
,veranda,3
,windowsill,3
,sideswipe,3
,potted,3
,big-name,3
,racquet,3
,ejection,3
,cockeyed,3
,commode,3
,breastbone,3
,gravestone,3
,seltzer,3
,billiards,3
,seconds,3
,bailiff,3
,game-winning,3
,swig,3
,unbeaten,3
,drywall,3
,downed,3
,steed,3
,octane,3
,snowbank,3
,top-seeded,3
,two-point,3
,mugger,3
,sharpshooter,3
,rectory,3
,depression-era,3
,dregs,3
,surfboard,3
,tumbling,3
,morph,2
,jailbird,2
,interloper,2
,twofer,2
,wainscoting,2
,boilermaker,2
,rhythmically,2
,sideswipe,2
,megapixel,2
,precariously,2
,machine-gun,2
,recoil,2
,shape-shifter,2
,underclassman,2
,pilings,2
,recklessness,2
,endive,2
,ubiquitously,2
,wastebasket,2
,neo-nazi,2
,tailgate,2
,scrabble,2
,summarily,2
,insistently,2
,minnesotan,2
,noisily,2
,glassware,2
,rudely,2
,toboggan,2
,whack-a-mole,2
,foursome,2
,brain,2
,methyl,2
,kickstand,2
,wallop,2
,four-season,2
,bolivian,2
,teak,2
,gray-haired,2
,cuss,2
,lamppost,2
,scarred,2
,slowpoke,2
,tiara,2
,line-drive,2
,yap,2
,dislocated,2
,deadhead,2
,mma,2
,pylon,2
,scandalize,2
,undertaker,2
,shorty,2
,daredevil,2
,stampede,2
,cold,2
,knapsack,2
kettle,pot,298
,call,240
,put,201
,water,190
,black,189
,tea,184
,black,99
,fish,95
,boil,93
,stove,89
,fill,83
,corn,76
,copper,74
,boiling,69
,electric,50
,bell,47
,iron,45
,hot,43
,whistle,43
,fire,42
,set,41
,red,41
,drum,33
,soup,33
,kitchen,31
,kettle,30
,pour,28
,steam,26
,boil,24
,whistle,23
,grill,23
,chip,21
,coffee,20
,place,20
,cup,19
,huge,19
,salvation,19
,army,18
,stir,17
,heat,17
,whistling,16
,steaming,16
,oven,16
,stick,16
,cook,15
,lid,13
,ass,13
,flame,13
,soccer,12
,burner,12
,warm,12
,pond,12
,heat,12
,bean,11
,tin,10
,dish,10
,moraine,10
,cast-iron,10
,pan,10
,silver,10
,charcoal,10
,bright,10
,dutch,10
,next,9
,lift,9
,steel,9
,knife,9
,sink,9
,canning,9
,pop,9
,antelope,9
,plug,9
,simmering,8
,brass,8
,warm,8
,spoon,7
,rattle,7
,cooking,7
,simmer,7
,smoke,7
,coal,7
,switch,7
,scream,7
,pot,6
,brew,6
,brand,6
,giant,6
,popcorn,6
,beside,6
,potato,6
,noise,6
,handle,6
,maker,6
,light,6
,brew,6
,swing,6
,candy,6
,merrily,5
,spout,5
,plum,5
,wort,5
,stew,5
,crisp,5
,filter,5
,kickoff,5
,beneath,5
,woolen,5
,onion,5
,empty,5
,soap,5
,bubbling,5
,brewing,5
,hatchet,5
,creek,5
,cook,5
,mitten,5
,toss,5
,tip,5
,butter,5
,stainless,5
,proverbial,5
,cove,5
,jar,5
,workout,4
,bead,4
,steady,4
,cracked,4
,jug,4
,cookie,4
,heating,4
,bake,4
,trumpet,4
,woodstove,4
,loud,4
,wooden,4
,smell,4
,snatch,4
,hiss,4
,copper,4
,gently,4
,donation,4
,steam,4
,wire,4
,baked,4
,faucet,4
,swing,4
,hawk,4
,shelf,4
,mug,4
,dry,4
,grinder,4
,scald,3
,rope,3
,salted,3
,heed,3
,calling,3
,casserole,3
,float,3
,cabinet,3
,call-in,3
,hoist,3
,grave,3
,quart,3
,sock,3
,hop,3
,madam,3
,andiron,3
,roaster,3
,tar,3
,worm,3
,lodge,3
,cloth,3
,backyard,3
,plain,3
,instructor,3
,batch,3
,bubble,3
,blackened,3
,hob,3
,auxiliary,3
,bubble,3
,cuisine,3
,cabbage,3
,carrot,3
,singing,3
,cheyenne,3
,battered,3
,superiority,3
,hook,3
,beef,3
,firewood,3
,spill,3
,plunk,3
,liquid,3
,toaster,3
,convection,3
,pitcher,3
,roller,3
,shriek,3
,barrel,3
,bacon,3
,martini,3
,kick,3
,adopted,2
,leftover,2
,smoking,2
,microwave,2
,dissolve,2
,vent,2
,filled,2
,fisherman,2
,ketchup,2
,old-fashioned,2
,tilt,2
,contemplate,2
,comprise,2
,rim,2
,sofa,2
,shrill,2
,stain,2
,hiss,2
,teapot,2
,lard,2
,collard,2
,basin,2
,thermals,2
,inhale,2
,mettle,2
,rolling,2
,vinegar,2
,squat,2
,dented,2
,fling,2
,hearth,2
,mulled,2
,tripod,2
,timpani,2
,tub,2
,stained,2
,rummage,2
,sleeping,2
,spit,2
,reminiscent,2
,saucepan,2
,sausage,2
,mash,2
,tundra,2
,apron,2
,cider,2
,partially,2
,rack,2
,conditioning,2
,frog,2
,clatter,2
,snack,2
,pea,2
,screech,2
,brim,2
,platter,2
,porcelain,2
,porridge,2
,refill,2
,fridge,2
,tun,2
,wail,2
,kitten,2
,la,2
,swirl,2
,tarn,2
,caramel,2
,breakdown,2
,railway,2
,stockpot,2
,mum,2
,funnel,2
,soda,2
,ticking,2
,ant,2
,rinse,2
,gravel,2
,startle,2
,fryer,2
,vulture,2
,canister,2
,titan,2
,shiny,2
,mammoth,2
,waitress,2
,protester,2
,charred,2
,espresso,2
,gesture,2
,prepared,2
,orchestra,2
,inherit,2
,clog,2
,cod,2
,fireplace,2
,geordie,2
,steamer,2
ketchup,mustard,216
,bottle,214
,sauce,167
,cup,161
,ketchup,100
,tomato,94
,tablespoon,87
,packet,53
,vinegar,46
,sugar,46
,add,45
,hot,38
,pickle,37
,egg,35
,eat,34
,onion,32
,vegetable,32
,teaspoon,30
,french,30
,juice,28
,brown,27
,cheese,26
,burger,26
,extra,25
,salsa,25
,sandwich,25
,condiment,24
,dog,23
,squirt,22
,salt,22
,mayonnaise,21
,soy,20
,pour,20
,combine,20
,pepper,20
,chili,19
,taste,19
,mix,18
,stir,18
,relish,17
,bun,17
,horseradish,16
,bread,16
,steak,16
,bean,16
,potato,15
,spicy,14
,spaghetti,14
,green,14
,just,14
,banana,14
,paste,13
,stain,13
,dip,13
,barbecue,12
,powder,12
,lettuce,12
,honey,12
,cider,12
,butter,11
,homemade,11
,maker,11
,plastic,11
,bowl,11
,meat,11
,squeeze,10
,garlic,10
,relish,10
,corn,10
,spread,10
,lunch,10
,organic,10
,chicken,10
,soup,9
,smear,9
,lemon,9
,chip,9
,cream,9
,slice,9
,mixture,9
,cheeseburger,9
,plate,8
,wash,8
,beer,8
,smell,8
,wipe,8
,ingredient,8
,thick,8
,pasta,8
,slather,8
,olive,8
,beef,8
,rice,8
,hamburger,8
,jar,8
,napkin,7
,spill,7
,sriracha,7
,taste,7
,salad,7
,fortune,7
,ounce,7
,douse,7
,mango,7
,barbecue,7
,canned,7
,pizza,7
,chin,6
,milk,6
,remaining,6
,yellow,6
,drip,6
,jelly,6
,fridge,6
,recipe,6
,dried,6
,waitress,6
,macaroni,6
,top,6
,smother,6
,mix,6
,cereal,6
,puddle,6
,dispenser,5
,bottled,5
,manufacturer,5
,syrup,5
,saucepan,5
,factory,5
,smear,5
,coke,5
,tartar,5
,noodle,5
,loaf,5
,flavor,5
,container,5
,can,5
,plain,5
,squeeze,5
,minced,5
,house-made,5
,shelf,4
,delicious,4
,drain,4
,mashed,4
,glob,4
,outsell,4
,cocktail,4
,soda,4
,grate,4
,firmly,4
,orange,4
,liquid,4
,counter,4
,fork,4
,cottage,4
,oven,4
,wheat,4
,catsup,4
,turkey,4
,sticky,4
,borrow,4
,diner,4
,underwear,4
,molasses,4
,scrambled,4
,spilled,4
,dollop,3
,curry,3
,handful,3
,meatloaf,3
,blob,3
,refrigerator,3
,flour,3
,optional,3
,surpass,3
,cracker,3
,eating,3
,omelet,3
,pork,3
,crush,3
,dessert,3
,ginger,3
,classify,3
,drown,3
,nutrition,3
,pouring,3
,toast,3
,glazed,3
,iceberg,3
,squirt,3
,baked,3
,lid,3
,dip,3
,broth,3
,dipping,3
,fried,3
,peach,3
,splatter,3
,fancy,3
,hotdog,3
,shaker,3
,caribbean,3
,cola,3
,tuck,3
,wasabi,3
,margarine,3
,refill,3
,brush,3
,preheat,3
,lick,3
,fruity,3
,lime,3
,low-fat,3
,dressing,3
,slimy,3
,lipstick,3
,peanut,3
,mushroom,3
,nugget,3
,flavor,2
,commercial,2
,dab,2
,tamarind,2
,splash,2
,spike,2
,dental,2
,soak,2
,blend,2
,catch-up,2
,crushed,2
,reprise,2
,dill,2
,drench,2
,sprinkle,2
,low-sodium,2
,sherry,2
,famously,2
,spiced,2
,colored,2
,perfect,2
,toast,2
,keen,2
,parsley,2
,cumin,2
,seasoning,2
,coca,2
,floss,2
,finely,2
,assuage,2
,chipotle,2
,cafeteria,2
,shortage,2
,opened,2
,grape,2
,pancake,2
,consistency,2
,plug,2
,caramelized,2
,kettle,2
,bourbon,2
,flake,2
,teriyaki,2
,jet,2
,pineapple,2
,olive,2
,chop,2
,slice,2
,mound,2
,thyme,2
,crumb,2
,lace,2
,crisp,2
,prepared,2
,raisin,2
,tootsie,2
,bottle,2
,setup,2
,carrot,2
,pepperoni,2
,condom,2
,pipe,2
,sausage,2
,tortilla,2
,saltine,2
,sour,2
,whisk,2
,paprika,2
,aisle,2
,cook,2
,grill,2
,blueberry,2
,bologna,2
,chutney,2
,aioli,2
,dribble,2
,snack,2
,jam,2
,cutlet,2
,yogurt,2
kudos,to,1487
,give,144
,deserve,76
,win,54
,earn,39
,post,37
,receive,30
,editor,30
,major,23
,pm,15
,kudos,14
,governor,10
,awesome,10
,due,9
,award,9
,excellent,8
,garner,8
,though,8
,brilliant,7
,fantastic,6
,brave,5
,marketing,5
,criticism,5
,congratulation,5
,chronicle,5
,honesty,4
,anonymous,4
,mega,4
,rep,4
,impressive,4
,editorial,4
,designer,4
,gut,4
,volunteer,4
,publicity,3
,progressive,3
,tremendous,3
,android,3
,photographer,3
,commentary,3
,handful,3
,award,3
,inclusion,3
,balanced,3
,bless,3
,thoughtful,3
,applause,3
,shelf,3
,journalism,3
,tablet,3
,essence,3
,blue,3
,twist,3
,patience,3
,horizon,3
,culinary,3
,columnist,2
,gory,2
,unprecedented,2
,objective,2
,low-cost,2
,afterward,2
,good,2
,sun,2
,beyond,2
,determination,2
,meantime,2
,entertainer,2
,hone,2
,flat-out,2
,ram,2
,complimentary,2
,coordinator,2
,crackdown,2
,seller,2
,galore,2
,priceless,2
,hard-working,2
,opt,2
,departure,2
,bravery,2
,biker,2
,congratulations,2
,orchestra,2
,infinite,2
,clarity,2
,songwriter,2
,blank,2
,editing,2
,rabbi,2
,e-mail,2
,outstanding,2
,called,2
,proactive,2
,filmmaker,2
,legally,2
,lastly,2
,fella,2
,richly,2
,breed,2
,supervisor,2
,throne,2
,intensely,2
,trigger,2
,correction,2
,sequel,2
,handling,2
,accomplishment,2
,pharmacist,2
,sap,2
,banner,2
,defiant,2
,spooky,2
,backlash,2
,disappointing,2
,educated,2
,innovative,2
,usage,2
,bucketful,1
,confrontational,1
,box-office,1
,doubting,1
,sigma,1
,cobweb,1
,blogosphere,1
,beanie,1
,bale,1
,senseless,1
,simpering,1
,honoree,1
,admiring,1
,adoptive,1
,monopolize,1
,consequent,1
,campfire,1
,boyish,1
,enquirer,1
,framing,1
,expeditionary,1
,wag,1
,avenge,1
,managed-care,1
,practicing,1
,dye,1
,atonement,1
,meticulous,1
,toehold,1
,adios,1
,writer/producer,1
,wise,1
,lily-white,1
,invalidate,1
,disinvestment,1
,ethereal,1
,skyrocket,1
,mailbag,1
,minded,1
,buck,1
,concise,1
,shout-out,1
,exhilarating,1
,sward,1
,mujahideen,1
,mod,1
,collected,1
,creme,1
,stubbornness,1
,yucca,1
,ink-stained,1
,vietnamese,1
,jeer,1
,serialized,1
,guv,1
,sweatpants,1
,hobble,1
,weevil,1
,well-wisher,1
,mutt,1
,big-time,1
,pixelated,1
,quaker,1
,freakishly,1
,giddy,1
,walkout,1
,lycopene,1
,spiked,1
,co-owner,1
,objectionable,1
,marvelously,1
,demonic,1
,reinvigorate,1
,folic,1
,carver,1
,cay,1
,poise,1
,citizenry,1
,opinionated,1
,eunuch,1
,folktale,1
,linux,1
,unbowed,1
,equinox,1
,nab,1
,counsellor,1
,blogging,1
,fire-retardant,1
,kudzu,1
,much-improved,1
,alumna,1
,never-ending,1
,chewy,1
,penetrating,1
,deconstructionist,1
,shrift,1
,fullback,1
,slough,1
,zephyr,1
,gratifying,1
,trenchant,1
,wanker,1
,schoolmate,1
,esquire,1
,fuel-efficient,1
,galley,1
,tuxedo,1
,icing,1
,muckraker,1
,nite,1
,paleontologist,1
,posse,1
,appreciative,1
,ploy,1
,polis,1
,offered,1
,boon,1
,puppeteer,1
,snarky,1
,toasty,1
,tastefully,1
,bemused,1
,overpowering,1
,pricey,1
,ditto,1
,eugenics,1
,glorify,1
,huff,1
,uncaring,1
,received,1
,scorn,1
,maxim,1
,pleasurable,1
,snicker,1
,screwdriver,1
,quiet,1
,subterranean,1
,stomp,1
,gusto,1
,ingenious,1
,unbelievably,1
,long-suffering,1
,superbly,1
,tabloid,1
,three-hour,1
,insulate,1
,mania,1
,best-actor,1
,concisely,1
,masse,1
,amphitheater,1
,politicize,1
,cinematographer,1
,oligarch,1
,prez,1
,forthright,1
,well-deserved,1
,berate,1
,playability,1
,sporty,1
,bravely,1
,nigerian,1
,outdo,1
,satirist,1
,envious,1
,seamless,1
,monogram,1
,brava,1
,canceled,1
,derogatory,1
,gearbox,1
,plutocratic,1
,powerfully,1
,devastatingly,1
,freestyle,1
,mayan,1
,goldfish,1
,goof,1
,debonair,1
,dud,1
,kiddy,1
,meatball,1
kale,green,121
,spinach,114
,broccoli,93
,add,84
,cabbage,80
,kale,78
,salad,74
,chard,72
,collards,69
,bunch,57
,leaf,54
,chip,52
,lettuce,51
,collard,44
,red,44
,such,44
,tuscan,43
,chopped,42
,eat,41
,mustard,41
,vegetable,40
,green,38
,minute,38
,bean,37
,potato,37
,cook,36
,stem,35
,carrot,34
,remove,33
,swiss,32
,sprout,31
,beet,29
,leafy,28
,onion,27
,cup,27
,fresh,26
,garlic,26
,curly,26
,pepper,25
,leek,24
,soup,24
,tender,23
,stir,23
,serve,23
,pound,23
,ounce,22
,tomato,22
,juice,22
,russian,22
,sea,21
,plant,21
,organic,20
,turnip,19
,dinosaur,19
,arugula,19
,squash,18
,chop,18
,smoothie,18
,ornamental,18
,wilt,17
,rib,17
,toss,17
,oil,17
,mushroom,17
,steamed,16
,crop,16
,chinese,16
,contain,15
,sweet,14
,plant,14
,radish,14
,seed,14
,pea,13
,bowl,13
,herb,13
,dish,12
,simmer,12
,variety,12
,kohlrabi,12
,raw,12
,apple,12
,quinoa,11
,salt,11
,heat,11
,parsley,11
,remaining,11
,tough,10
,dino,10
,trim,10
,slice,9
,fruit,9
,sausage,9
,celery,9
,corn,9
,olive,8
,crispy,8
,fall,8
,cooked,8
,russian,8
,bacon,8
,cauliflower,8
,tablespoon,8
,cucumber,8
,rinse,8
,boil,8
,cheese,8
,sprinkle,8
,veggie,8
,mixture,8
,garden,8
,delicious,7
,pot,7
,brassica,7
,winter,7
,parsnip,7
,purple,7
,tuscan,7
,tear,7
,brown,7
,coat,7
,orange,7
,pesto,7
,polenta,7
,flavor,7
,taste,7
,eggplant,7
,teaspoon,7
,smoothy,6
,heat,6
,cholesterol,6
,sprout,6
,bitter,6
,bright,6
,chicken,6
,lentils,6
,harvest,6
,baked,6
,almond,6
,ingredient,6
,dress,6
,mashed,6
,creamy,6
,finely,6
,protein,6
,lemon,6
,basil,6
,stemmed,6
,coarsely,6
,drain,6
,pumpkin,6
,combine,6
,frozen,6
,pomegranate,5
,pizza,5
,diet,5
,dry,5
,scallions,5
,nutrient,5
,blend,5
,growing,5
,chop,5
,calcium,5
,boiling,5
,mum,5
,strawberry,5
,tip,5
,butternut,5
,asparagus,5
,stalk,5
,steam,5
,broth,5
,braised,5
,occasionally,5
,chef,5
,rice,5
,barefoot,5
,artichoke,5
,popularity,5
,portuguese,5
,hearty,5
,butter,5
,radicchio,5
,blanch,5
,favorite,5
,lover,5
,roasted,5
,medium,5
,ginger,5
,tofu,5
,cook,5
,cheap,5
,bake,4
,stem,4
,pecan,4
,seedling,4
,freeze,4
,burger,4
,liquid,4
,moss,4
,harvest,4
,escarole,4
,banana,4
,salmon,4
,texture,4
,handful,4
,thinly,4
,pansy,4
,stew,4
,avocado,4
,sauted,4
,cherry,4
,recipe,4
,raspberry,4
,wilted,4
,fridge,4
,siberian,4
,soften,4
,sow,4
,photograph,4
,vitamin,4
,reheat,4
,cranberry,4
,nutritional,4
,sauce,4
,pan,4
,peacock,3
,home-grown,3
,sorrel,3
,washed,3
,packed,3
,pear,3
,cold-hardy,3
,grass-fed,3
,relative,3
,hardy,3
,frost,3
,skillet,3
,grocery,3
,balsamic,3
,colander,3
,fiber,3
,risotto,3
,vegan,3
,rage,3
,strip,3
,scotch,3
,crisp,3
,bitterness,3
,pasta,3
,lightly,3
,chorizo,3
,olive,3
,rosette,3
,roughly,3
,mint,3
,soybean,3
,dandelion,3
,discard,3
,vinaigrette,3
,sliced,3
,goat,3
,swiss,3
,cross,3
,asian,3
,edible,3
,salsa,3
,grilled,3
,menu,3
,tasty,3
,wheat,3
,vinegar,3
,fennel,3
,produce,3
,delicate,3
,omelet,3
,bell,3
,pork,3
,rosemary,3
,rub,3
,beef,3
,soy,3
,serving,3
,zucchini,3
,acid,3
,lamb,3
,yogurt,3
,scotch,3
,shredded,3
,okra,3
,ragged,2
,snack,2
,coarse,2
,source,2
,lacy,2
,stir-fry,2
,sliver,2
,magnesium,2
,frilly,2
,sturdy,2
,fairway,2
karate,kid,188
,class,112
,belt,107
,chop,101
,black,93
,lesson,69
,karate,54
,kick,32
,teach,32
,instructor,25
,practice,23
,judo,22
,tournament,21
,kick,20
,champion,20
,study,20
,move,19
,expert,16
,dojo,16
,master,16
,studio,15
,stance,15
,boxing,14
,sport,14
,soccer,14
,gymnastics,13
,style,11
,practice,11
,dance,11
,martial,10
,punch,10
,jujitsu,10
,dance,9
,trophy,9
,outfit,8
,championship,8
,basketball,8
,baseball,8
,yoga,8
,swim,7
,train,7
,remake,7
,quit,7
,ballet,7
,demonstration,7
,uniform,7
,japanese,7
,match,6
,tai,6
,chi,6
,chop,6
,discipline,6
,yellow,6
,interior,6
,piano,6
,master,5
,fake,5
,tennis,5
,pig,5
,monkey,5
,buddy,5
,aikido,4
,cookie,4
,teen,4
,execute,4
,sparring,4
,blow,4
,champ,4
,squash,4
,aggressive,4
,dancing,4
,grove,4
,korean,4
,cuff,4
,volleyball,4
,self-defense,4
,pose,4
,prompt,3
,full-contact,3
,jiu-jitsu,3
,craft,3
,poetry,3
,fancy,3
,violin,3
,antics,3
,scream,3
,rugby,3
,beginner,3
,fighting,3
,softball,3
,trauma,3
,kick-boxing,3
,chick,3
,okinawan,3
,pork,3
,enroll,3
,cologne,2
,scuba,2
,gimmick,2
,anime,2
,ninja,2
,riflery,2
,zoo,2
,silence,2
,franchise,2
,federation,2
,intensive,2
,kata,2
,whiny,2
,savage,2
,spice,2
,rodeo,2
,roller,2
,handcuff,2
,jumpsuit,2
,biking,2
,racquetball,2
,sometime,2
,goon,2
,star,2
,horseback,2
,programming,2
,robe,2
,gi,2
,pastime,2
,pragmatic,2
,eg,2
,flick,2
,bully,2
,tutor,2
,facto,2
,fist,2
,skilled,2
,brutal,2
,cattle,2
,prod,2
,proofing,2
,pillow,2
,la,2
,practise,2
,fortunately,2
,inexplicable,2
,chess,2
,drum,2
,lease,2
,three-time,2
,remake,2
,afterward,2
,whiz,2
,non-contact,2
,cross-country,2
,hammer,2
,leap,2
,bully,2
,commercial,2
,nowadays,2
,badminton,2
,hawk,2
,ipso,2
,bust,2
,kickball,1
,nonviolence,1
,revered,1
,flourish,1
,folklore,1
,geeky,1
,tatters,1
,lotus,1
,volt,1
,chomp,1
,carpentry,1
,feign,1
,sobering,1
,parachute,1
,aerobic,1
,boat,1
,misfit,1
,first-degree,1
,tnt,1
,black-owned,1
,electrician,1
,rosy,1
,drawstring,1
,spurt,1
,apocryphal,1
,high-paying,1
,sash,1
,gong,1
,muscle,1
,mma,1
,personalized,1
,thai,1
,tumbler,1
,undertaker,1
,wolfman,1
,jugular,1
,neoclassical,1
,schooler,1
,self-control,1
,spar,1
,margarita,1
,exec,1
,scrabble,1
,framed,1
,free-for-all,1
,masa,1
,surly,1
,knit,1
,bagpipe,1
,prior,1
,forcibly,1
,go-kart,1
,squall,1
,two-time,1
,recital,1
,cartoonist,1
,philippine,1
,biggie,1
,cutting-edge,1
,fencing,1
,chicken,1
,second-degree,1
,dissection,1
,slashing,1
,werewolf,1
,wife-beater,1
,watery,1
,open-mindedness,1
,jellyfish,1
,check-cashing,1
,mugging,1
,listed,1
,push-up,1
,five-time,1
,down-and-out,1
,crane,1
,crimson,1
,chopping,1
,profanity,1
,duel,1
,firstborn,1
,forgo,1
,storefront,1
,iron-on,1
,jamboree,1
,lampshade,1
,home-schooled,1
,face-off,1
,distressed,1
,all-out,1
,aficionado,1
,quizzically,1
,rabbinical,1
,shag,1
,adjuster,1
,dimpled,1
,schnitzel,1
,tantalize,1
,instill,1
,jumping,1
,esoteric,1
,helm,1
,honcho,1
,hoof,1
,skateboard,1
,lesser-known,1
,combative,1
,go-getter,1
,inhuman,1
,a-team,1
,aerobics,1
,cello,1
,steadfast,1
,kilowatt,1
,machete,1
,swivel,1
,razor-sharp,1
,montage,1
,javanese,1
,ratty,1
,street-smart,1
,grading,1
,tenacity,1
,kung-fu,1
,bong,1
,million-dollar,1
,dabble,1
,quickie,1
,incapacitate,1
,four-year-old,1
,quit,1
,bike,1
,hand-to-hand,1
,kickback,1
,weaponry,1
,lettering,1
,practiced,1
,waltz,1
,pitchfork,1
,crunk,1
keep,earn,302
,cost,21
,well,16
,quiet,14
,track,14
,alive,13
,advice,13
,consist,10
,component,9
,context,9
,calm,7
,clean,7
,happening,7
,writing,7
,castle,6
,tower,6
,walking,6
,pray,6
,lord,6
,touch,5
,plug,4
,roof,4
,suggestion,4
,running,4
,touch,4
,pile,3
,safe,3
,impose,3
,bite,3
,ward,3
,storm,3
,auto,3
,chamber,3
,tab,3
,bide,3
,fighting,3
,high,3
,afloat,2
,poll,2
,keep,2
,cleaning,2
,intact,2
,manufacturing,2
,youngster,2
,curse,2
,soar,2
,handy,2
,spam,2
,shipping,2
,skinny,2
,up,2
,doorway,2
,awake,2
,counting,2
,hammer,2
,lad,2
,climbing,2
,wrap,2
,speaking,2
,stink,2
,refrigerate,2
,hen,2
,kit,2
,protector,2
,grind,2
,consistently,2
,broker,2
,digging,2
,servant,2
,minimum,2
,drinking,2
,roller-skating,1
,shaded,1
,sovereign,1
,hoarding,1
,hydrate,1
,year-old,1
,mechanically,1
,playhouse,1
,buried,1
,recount,1
,downloading,1
,worthy,1
,mutt,1
,reoccur,1
,shackle,1
,locomotive,1
,plunder,1
,badger,1
,mowing,1
,record-keeping,1
,radiologist,1
,drawbridge,1
,extinguisher,1
,starvation,1
,fork,1
,adjacent,1
,hump,1
,waterproof/breathable,1
,centralize,1
,flashback,1
,intermediary,1
,unbearably,1
,weed,1
,sinus,1
,abut,1
,objectively,1
,propellant,1
,deserted,1
,stunned,1
,timetable,1
,namesake,1
,mahout,1
,crop,1
,nylon,1
,agile,1
,poncho,1
,encircle,1
,iniquity,1
,saloon,1
,bulgarian,1
,rightfully,1
,rink,1
,waypoint,1
,anti-bush,1
,purport,1
,e-mailing,1
,doubtless,1
,shadowed,1
,stinking,1
,uninformed,1
,bustle,1
,peg,1
,propagandist,1
,parakeet,1
,proverbial,1
,replenish,1
,enclosure,1
,docile,1
,insubordination,1
,well-intentioned,1
,maximal,1
,redoubt,1
,unheated,1
,ruined,1
,sentinel,1
,groove,1
,mellow,1
,overcrowd,1
,pimp,1
,piracy,1
,sandblast,1
,drafty,1
,roofless,1
,careen,1
,lube,1
,oar,1
,preaching,1
,decree,1
,sack,1
,armoire,1
,maybe,1
,streetlight,1
,sidetracked,1
,accessory,1
,trudge,1
,up-to-date,1
,craggy,1
,mishap,1
,vaulted,1
,exponentially,1
,sneer,1
,regale,1
,menagerie,1
,populism,1
,songwriter,1
,throng,1
,banishment,1
,battlement,1
,norman,1
,projector,1
,mascot,1
,run-in,1
,oarsman,1
,contaminant,1
,eviction,1
,vowel,1
,wacko,1
,it,1
,snapper,1
,periodical,1
,cooker,1
,garrison,1
,gatehouse,1
,bootleg,1
,perversely,1
,planter,1
,sociopathic,1
,solvent,1
,surfer,1
,task,1
,fortify,1
,losing,1
,heath,1
,high-ceilinged,1
,inbound,1
,immorality,1
,laser,1
,mercenary,1
,better-off,1
,paralegal,1
,claustrophobic,1
,scholastic,1
,grinding,1
,immensely,1
,watchdog,1
,sioux,1
,toss,1
,limber,1
,ponytail,1
,riff,1
,blossom,1
,birdcall,1
,bylaw,1
,paw,1
,penumbra,1
,drum,1
,redirect,1
,exchanger,1
,spiral,1
,four-story,1
,slouch,1
,housework,1
,treetop,1
,stony,1
,thrifty,1
,yahoo,1
,piercing,1
,civilised,1
,prophesy,1
,disinfectant,1
,disparaging,1
,well-run,1
,hooch,1
,befall,1
,ancestral,1
,heron,1
,methodical,1
,boating,1
,neck,1
,dank,1
,emmy,1
,retouch,1
,manufactured,1
,barracks,1
,pap,1
,rattle,1
,reset,1
,finalize,1
,slate,1
,thumper,1
,borrowing,1
,enviable,1
,elude,1
,marching,1
,micromanagement,1
,wedge,1
,beggar,1
,apparel,1
,betting,1
,busily,1
,egg,1
,rust,1
,fell,1
,telegraph,1
,indulgently,1
,wrasse,1
,federalism,1
,ferret,1
,southernmost,1
,limestone,1
,modern-day,1
,slamming,1
,uphill,1
,changed,1
,rampart,1
,fallacy,1
,standby,1
,grind,1
,jesuit,1
,uninterested,1
kangaroo,court,164
,rat,101
,kangaroo,56
,koala,33
,tree,33
,baby,31
,tie,31
,red,27
,hop,25
,sport,24
,animal,23
,pouch,20
,wallaby,17
,kingdom,16
,giant,15
,marsupial,13
,gray,12
,paw,12
,wombat,12
,species,12
,wild,11
,meat,11
,boxing,11
,emu,10
,horse,10
,australian,10
,jump,9
,mob,9
,chase,9
,lizard,9
,trial,9
,feed,8
,pocket,8
,conservation,7
,elephant,7
,endangered,7
,eastern,7
,birth,7
,sheep,7
,leap,7
,tail,7
,hop,6
,hunt,6
,steak,6
,fiction,6
,lion,6
,camel,6
,habitat,6
,sour,6
,zoo,6
,native,6
,pet,5
,roo,5
,male,5
,evolve,5
,snake,5
,crocodile,5
,wildlife,5
,cliff,5
,giant,5
,mammal,4
,bounce,4
,hearing,4
,harvest,4
,bear,4
,lemur,4
,rodent,4
,bite,4
,opossum,4
,extinct,4
,vegetation,4
,graze,3
,turkey,3
,convict,3
,jungle,3
,brick,3
,outback,3
,fucker,3
,giraffe,3
,monkey,3
,platypus,3
,shooter,3
,hold,3
,all-new,3
,bouncy,3
,tribunal,3
,enclosure,3
,swan,3
,tortoise,3
,lazy,3
,preside,3
,alligator,3
,statue,3
,glove,3
,quest,3
,rush,3
,fur,3
,jacket,3
,imaginary,3
,dinosaur,3
,cull,3
,mascot,3
,ostrich,3
,down,3
,attacking,3
,sweatshirt,3
,tattoo,3
,proceedings,3
,desert,3
,australian,3
,grass,3
,hopping,3
,pose,3
,flat,3
,leather,3
,hind,3
,alien,3
,lesion,2
,squirrel,2
,critter,2
,guinea,2
,deer,2
,shy,2
,dialogue,2
,leopard,2
,zebra,2
,toddler,2
,salamander,2
,skin-to-skin,2
,backyard,2
,bedside,2
,cartoon,2
,glide,2
,vine,2
,helicopter,2
,transparently,2
,rabbit,2
,credibility,2
,purple,2
,nocturnal,2
,stew,2
,charge,2
,peek,2
,eg,2
,shred,2
,hopping,2
,shiny,2
,limb,2
,kiss,2
,might,2
,depiction,2
,rattle,2
,rhinoceros,2
,predator,2
,miniature,2
,spouse,2
,synonym,2
,buffalo,2
,stamp,2
,hunting,2
,courageous,2
,robot,2
,squad,2
,mate,2
,rear,2
,cabinet,2
,harvesting,2
,flip,2
,echidna,2
,capybara,2
,aboriginal,2
,tangle,2
,driving,2
,stuff,2
,phantom,2
,resume,2
,mess,2
,claw,2
,vegetarian,2
,lynching,2
,roast,2
,pet,2
,fillet,2
,flee,2
,lone,2
,fossil,2
,goat,2
,ark,2
,basin,2
,adult,2
,burrow,2
,sprawl,2
,stuffed,2
,t-shirt,2
,herd,2
,flying,2
,polar,2
,jerky,2
,carnivorous,2
,groan,2
,stalk,2
,walnut,2
,owl,2
,damned,2
,resemble,2
,trap,2
,grazing,2
,adapt,2
,remarriage,2
,bat,2
,commune,2
,cruelty,2
,furry,2
,nine-year-old,2
,hippo,2
,grace,2
,ancestor,2
,offspring,2
,captivity,2
,rattlesnake,2
,re,2
,aboard,2
,jackrabbit,2
,ranch,2
,whip,2
,eating,2
,roam,2
,shrivel,1
,slang,1
,standoff,1
,lavender,1
,jot,1
,overheated,1
,posse,1
,delaying,1
,red-and-white,1
,bounce,1
,duck-billed,1
,rarity,1
,altered,1
,cohabitation,1
,crasher,1
,self-imposed,1
,flea,1
,strangeness,1
,threatened,1
,whence,1
,moot,1
,rubber,1
,subspecies,1
,stoning,1
,swallow,1
,pate,1
,plucky,1
,rendition,1
,rainfall,1
,megafauna,1
,man-eating,1
,corner,1
,demonize,1
,ferocious,1
,polygynous,1
,hatchet,1
,herbed,1
,token,1
,languid,1
,wellhead,1
,withering,1
,wont,1
,snort,1
,imbecile,1
,intently,1
,delicacy,1
,roadside,1
,python,1
,outpost,1
,sighting,1
,snuggle,1
,grazer,1
,fairway,1
,talking,1
,topiary,1
,subtly,1
,parsimony,1
,prey,1
,muzzle,1
,sprawl,1
,gangrenous,1
,goddamned,1
,tendon,1
,loin,1
,mating,1
,burrow,1
,pedestrian,1
,dispense,1
,cuddle,1
,promulgate,1
,freakish,1
,skunk,1
,musky,1
kilo,cocaine,116
,per,116
,weigh,65
,about,62
,heroin,61
,kilo,54
,pound,37
,hundred,36
,sell,28
,buy,26
,weight,22
,coke,20
,carry,20
,bag,16
,gold,16
,ruble,15
,dog,15
,extra,13
,thousand,13
,meat,12
,seize,11
,rice,11
,gram,10
,pure,10
,named,9
,explosives,9
,sugar,9
,meter,9
,marijuana,9
,steal,9
,heavy,8
,to,8
,potato,8
,half,8
,uncut,7
,gain,7
,smuggle,7
,battalion,6
,fat,6
,brick,6
,ounce,6
,under,6
,euro,5
,mass,5
,purchase,5
,crack,5
,bread,5
,sub,5
,salmon,5
,half,4
,confiscate,4
,joule,4
,beef,4
,opium,4
,nut,4
,total,4
,orange,4
,coin,4
,mass,4
,approximately,4
,uranium,4
,bulk,4
,dope,4
,marine,4
,enriched,4
,trunk,4
,weighing,4
,tomato,4
,bodyweight,3
,fertilizer,3
,tnt,3
,cannabis,3
,pit,3
,bust,3
,coca,3
,net,3
,rupee,3
,steak,3
,feed,3
,unload,3
,ship,3
,dock,3
,bolus,3
,raw,3
,roughly,3
,transport,3
,suitcase,3
,submarine,3
,convert,3
,platoon,3
,diesel-electric,3
,port,3
,grind,3
,cent,3
,lentils,3
,rolling,3
,flour,3
,bull,3
,beluga,2
,favela,2
,platinum,2
,stockpile,2
,veal,2
,mule,2
,bomber,2
,upwards,2
,yield,2
,shipment,2
,jerky,2
,package,2
,sniff,2
,grain,2
,caviar,2
,nitrate,2
,sausage,2
,sulfur,2
,humane,2
,cure,2
,munch,2
,lamb,2
,composite,2
,soup,2
,extract,2
,wheat,2
,outweigh,2
,australian,2
,expedition,2
,luggage,2
,boo,2
,motherfucker,2
,needless,2
,payload,2
,level,2
,lighter,2
,powdered,2
,paste,2
,composition,2
,plutonium,2
,reply,2
,seal,2
,overweight,2
,olive,2
,roe,2
,rapper,2
,seizure,2
,stamp,2
,harvest,2
,quinoa,2
,cod,2
,way,2
,loading,2
,piss,2
,mixed,2
,kilometer,2
,metric,2
,dissident,2
,metre,2
,centimetre,2
,possession,2
,alpha,2
,besides,2
,pistachio,2
,powder,2
,squad,2
,pod,2
,fragment,2
,traffic,2
,syrian,2
,medicinal,2
,prominent,2
,stinger,2
,volt,2
,alloy,2
,stuff,2
,ghetto,2
,ivory,2
,equip,2
,venison,2
,tag,2
,tightly,2
,lira,1
,warplane,1
,weight,1
,enamelware,1
,ration,1
,grunt,1
,sheeting,1
,sweetener,1
,juggle,1
,carrying,1
,boiled,1
,pungent,1
,transfuse,1
,anal,1
,pomegranate,1
,ordered,1
,procure,1
,pouch,1
,sonorous,1
,liter,1
,inconvenience,1
,gull,1
,assorted,1
,legume,1
,vaginal,1
,frost,1
,chubby,1
,banzai,1
,personal-best,1
,preserved,1
,second-hand,1
,gutless,1
,chiseled,1
,left,1
,kilogram,1
,valet,1
,tan,1
,la,1
,board,1
,afterthought,1
,compressed,1
,henna,1
,ka,1
,overzealous,1
,polyurethane,1
,fissile,1
,margarine,1
,anaesthetic,1
,bravo,1
,bread,1
,nitrogen-rich,1
,paddling,1
,detergent,1
,prompt,1
,zulu,1
,watermelon,1
,vial,1
,net,1
,plastique,1
,storeroom,1
,tiptoe,1
,furnace,1
,smack,1
,carp,1
,leaded,1
,helium,1
,koala,1
,shed,1
,unending,1
,consignment,1
,prism,1
,bottom,1
,parka,1
,prefix,1
,prune,1
,ration,1
,skyrocket,1
,telex,1
,wholesaler,1
,compliment,1
,ashore,1
,bullion,1
,skyscraper,1
,eel,1
,walk-in,1
,stockpiled,1
,ginseng,1
,hectare,1
,overflow,1
,nicaraguan,1
,carryin,1
,cesium,1
,divan,1
,pellet,1
,smuggled,1
,girth,1
,perch,1
,bundled,1
,crewmember,1
,shrapnel,1
,glitter,1
,shorthand,1
,hypochondria,1
,jock,1
,upright,1
,over,1
,malt,1
,bumper,1
,canister,1
,low-enriched,1
,wager,1
,megaton,1
,lanthanum,1
,funded,1
,uncontrolled,1
,slang,1
,arable,1
,meaty,1
,midsection,1
,lurking,1
kuwaiti,iraqi,32
,iraqi,23
,palestinian,13
,egyptian,11
,remain,10
,kuwaiti,10
,rich,9
,claim,8
,oil,7
,concern,6
,flee,6
,execute,6
,occupation,6
,kuwaiti,6
,celebrate,5
,majority,5
,brutality,5
,expatriate,5
,troop,5
,invasion,5
,border,5
,exile,5
,apologize,4
,native,4
,steal,4
,foreigner,4
,hide,4
,contact,4
,negotiate,4
,nationality,4
,liberate,4
,arab,4
,marry,4
,rebuild,4
,liberation,3
,wealthy,3
,behave,3
,negotiation,3
,dispute,3
,resistance,3
,mercenary,3
,resent,3
,starve,3
,israeli,3
,arrest,3
,hostage,3
,mostly,3
,free,3
,prisoner,3
,gulf,3
,torture,3
,grateful,3
,capture,3
,jordanian,3
,civilian,3
,order,3
,withdraw,3
,atrocity,3
,tremendous,3
,execution,3
,touch,3
,palestinian,3
,iranian,3
,dependent,2
,asset,2
,indication,2
,witness,2
,suspect,2
,enshrine,2
,fellow,2
,random,2
,invade,2
,jail,2
,owe,2
,elsewhere,2
,bleed,2
,saudi,2
,slow,2
,missing,2
,anxious,2
,particular,2
,accommodate,2
,percentage,2
,ethic,2
,syrian,2
,privilege,2
,restore,2
,beret,2
,democracy,2
,surely,2
,pledge,2
,collaborator,2
,reserve,2
,exiled,2
,endure,2
,occupy,2
,doubt,2
,celebration,2
,presumably,2
,demonstration,2
,resolve,2
,supply,2
,cuban,2
,bitterness,2
,reparation,2
,round,2
,load,2
,arab,2
,stun,2
,awash,2
,outnumber,2
,pampered,2
,souk,2
,reportedly,2
,flow,2
,awake,2
,wealth,2
,behind,2
,surround,2
,constitution,2
,overproduction,2
,under,2
,rule,2
,coalition,2
,vietnamese,2
,participative,2
,account,2
,sacrifice,2
,innocent,2
,regime,2
,line,2
,shelter,2
,shortly,2
,moreover,2
,arrogance,2
,dig,2
,well-heeled,1
,marsh,1
,backbone,1
,postwar,1
,revert,1
,salesman,1
,smolder,1
,handcuff,1
,briefer,1
,oppression,1
,fabulously,1
,starving,1
,cease-fire,1
,reprisal,1
,scoff,1
,freed,1
,emigration,1
,hardship,1
,cherish,1
,privileged,1
,loot,1
,unarmed,1
,side,1
,slaughter,1
,harbor,1
,affectionately,1
,naturalized,1
,overwhelmingly,1
,oil-rich,1
,kurd,1
,liberator,1
,want,1
,publicized,1
,recklessly,1
,dinar,1
,spontaneously,1
,clearing,1
,exultant,1
,stomp,1
,parade,1
,repent,1
,hurry,1
,warily,1
,armored,1
,delighted,1
,rubble-strewn,1
,yemeni,1
,betrayal,1
,overture,1
,deliciously,1
,flowing,1
,terrorize,1
,auction,1
,modernization,1
,courageously,1
,refusal,1
,mutilated,1
,infamous,1
,mail,1
,nighttime,1
,ravage,1
,unspeakable,1
,backing,1
,bias,1
,crossing,1
,pamper,1
,consultative,1
,sic,1
,firsthand,1
,fleeing,1
,go-ahead,1
,attacked,1
,bustling,1
,unforgiving,1
,resort,1
,spectacle,1
,mob,1
,detain,1
,begrudge,1
,gladly,1
,truckload,1
,waving,1
,ordeal,1
,pronounced,1
,hanging,1
,westerner,1
,flag,1
,siren,1
,obscene,1
,resentment,1
,instill,1
,invading,1
,wretched,1
,devastation,1
,scud,1
,expel,1
,exposed,1
,evict,1
,imminent,1
,chant,1
,marshal,1
,unacceptable,1
,repel,1
,rooftop,1
,sabotage,1
,flag-waving,1
,autocratic,1
,afghan,1
,repressed,1
,swiss,1
,vindictive,1
,weary,1
,genocidal,1
,dysfunctional,1
,discipline,1
,lambaste,1
,self-determination,1
,spur,1
,english-speaking,1
,invalid,1
,occupied,1
,occupier,1
,contradictory,1
,grievance,1
,jubilee,1
,cetera,1
,returning,1
,unarguably,1
,native-born,1
,cordon,1
,scarcity,1
,stage,1
,sluggish,1
,weep,1
,confiscate,1
,pressure,1
,aggrieved,1
,algerian,1
,venezuelan,1
,abduction,1
,defiant,1
,denounce,1
,hit-and-run,1
,libyan,1
,invader,1
,martyr,1
,threatened,1
,liberated,1
,fief,1
,elated,1
,hoard,1
,constricted,1
,butchery,1
,revealed,1
,well-informed,1
,unconditionally,1
,joyous,1
,seaport,1
,stock,1
,distance,1
,agile,1
,accordance,1
,inexorably,1
,insecurity,1
keypad,numeric,83
,use,67
,number,45
,phone,45
,code,35
,button,28
,door,26
,screen,24
,enter,21
,punch,17
,small,16
,keyboard,16
,security,16
,telephone,15
,tap,15
,key,14
,include,13
,wireless,13
,finger,12
,open,12
,cell,12
,device,12
,computer,12
,lock,11
,touch,11
,keypad,10
,separate,9
,qwerty,9
,next,9
,press,8
,tiny,8
,physical,8
,entry,8
,above,8
,electronic,7
,via,7
,alphanumeric,7
,activate,7
,thumb,7
,command,7
,display,7
,touch-tone,6
,push,6
,alarm,6
,window,6
,control,5
,standard,5
,touch,5
,fumble,5
,card,5
,box,5
,garage,5
,braille,4
,text,4
,expansion,4
,tactile,4
,left,4
,software,4
,display,4
,participant,4
,function,4
,pin,4
,password,4
,map,4
,unit,4
,virtual,4
,lack,4
,numerical,4
,onto,4
,type,4
,beside,4
,touch-screen,4
,tone,4
,atm,4
,click,4
,design,4
,mouse,4
,pop,4
,drive,4
,dial,4
,digit,4
,lcd,4
,controller,4
,reveal,4
,slide,3
,advantage,3
,strap,3
,dedicated,3
,gate,3
,directly,3
,thumb,3
,custom,3
,cellphone,3
,light,3
,dot,3
,above,3
,navigation,3
,bedroom,3
,korean,3
,backlit,3
,outer,3
,pc,3
,membrane,3
,alongside,3
,forearm,3
,access,3
,location,3
,port,3
,hand-held,3
,battery,3
,comfortable,3
,remote,3
,combination,3
,select,2
,locate,2
,optional,2
,podium,2
,cursor,2
,smartphone,2
,supplement,2
,voting,2
,typical,2
,identical,2
,detonation,2
,resemble,2
,employ,2
,wrist,2
,beep,2
,nail,2
,arrange,2
,magnetically,2
,numeral,2
,reminiscent,2
,unlock,2
,buzz,2
,sealed,2
,exit,2
,secure,2
,hexadecimal,2
,lap,2
,six-digit,2
,arrow,2
,blackberry,2
,audio,2
,embroidered,2
,input,2
,waterproof,2
,menu,2
,blink,2
,cage,2
,clamp,2
,dashboard,2
,fingertip,2
,input,2
,beneath,2
,nest,2
,monitor,2
,app,2
,hook,2
,scanner,2
,slap,2
,digital,2
,push,2
,print,2
,poise,2
,convenient,2
,embed,2
,inner,2
,similarity,2
,tap,2
,portable,2
,shield,2
,inside,2
,mount,2
,resolve,2
,enable,2
,setup,2
,entrance,2
,headphone,2
,portrait,2
,disarm,2
,lighted,2
,attach,2
,mash,2
,slam,2
,familiarity,2
,speaker,2
,awkward,2
,panel,2
,parallel,2
,touchscreen,2
,shelf,2
,handset,2
,smash,2
,microphone,2
,mobile,2
,palm,1
,accessory,1
,trembling,1
,madly,1
,obsolete,1
,edit,1
,swab,1
,swipe,1
,detached,1
,tyranny,1
,clothesline,1
,dual,1
,automotive,1
,cashier,1
,directional,1
,thai,1
,jack,1
,troubleshoot,1
,antique,1
,hum,1
,inset,1
,communicator,1
,originator,1
,functionally,1
,locked,1
,walk-up,1
,infectious,1
,deduction,1
,seep,1
,gaming,1
,credit-card,1
,medium-size,1
,authentication,1
,nervously,1
,clunky,1
,alongside,1
,facet,1
,grouping,1
,touching,1
,minuscule,1
,bustle,1
,readout,1
,fax,1
,furiously,1
,generational,1
,swivel,1
,hustle,1
,preset,1
,manual,1
,triangular,1
,right-hand,1
,rectangular,1
,high-tech,1
,three-year,1
,beverage,1
,multimedia,1
,indulge,1
,fiddle,1
,snap,1
,sport,1
,abruptly,1
,cpu,1
,crosshatch,1
,cumbersome,1
,readability,1
,asterisk,1
,overhead,1
,slave,1
,silently,1
,mimic,1
,fond,1
,legible,1
,carapace,1
,rhyme,1
,servo,1
,flash,1
,slump,1
,printer,1
,guinea,1
,vibration,1
,rewire,1
,afterthought,1
,mouthpiece,1
,usb,1
,checkout,1
,one-handed,1
,aspire,1
,e-filing,1
,deacon,1
,computerized,1
,polyurethane,1
,horizontal,1
,terminal,1
,intercom,1
,select,1
,marking,1
,alert,1
,calibration,1
,pixel,1
,reset,1
,roadway,1
,glowing,1
,stylish,1
,built-in,1
kitty,cat,221
,litter,204
,kitty,44
,little,30
,bone,27
,box,15
,bag,10
,heaven,8
,treat,8
,purr,7
,sand,7
,puppy,7
,smell,6
,soft,6
,fur,5
,warm,5
,coffee,5
,doggy,5
,cute,5
,tray,4
,poo,4
,cake,4
,paw,4
,empty,4
,replace,4
,line,4
,bunny,4
,pool,3
,pan,3
,ear,3
,meat,3
,whisker,3
,pink,3
,hat,3
,salt,3
,dispose,3
,meow,3
,plastic,3
,sawdust,3
,poster,3
,urine,3
,doggie,3
,store,2
,buffet,2
,copper,2
,diaper,2
,sexy,2
,dump,2
,shipment,2
,sleepy,2
,utter,2
,dessert,2
,furry,2
,bury,2
,pee,2
,cold,2
,caviar,2
,toy,2
,nap,2
,jug,2
,smiling,2
,giant,2
,traction,2
,cow,2
,spin,2
,vet,2
,alright,2
,meow,2
,taste,2
,clump,2
,scoop,2
,container,2
,fortunately,2
,introduction,2
,pillow,2
,kitten,2
,smell,2
,behind,2
,chase,2
,pour,2
,fuzzy,2
,mine,2
,trick,2
,sprinkle,2
,invent,2
,pic,2
,liter,2
,mixture,2
,puncher,2
,milk,2
,shovel,2
,bentonite,1
,impersonation,1
,hindu,1
,poop,1
,quilt,1
,greasy,1
,washed,1
,cameo,1
,pony,1
,spill,1
,bakery,1
,cheetah,1
,custom-made,1
,emo,1
,tramp,1
,pinch,1
,orphaned,1
,contaminate,1
,cushy,1
,topple,1
,subsidize,1
,socialize,1
,high-calorie,1
,washing,1
,prissy,1
,drip,1
,dishtowel,1
,shaving,1
,soothing,1
,hoop,1
,rotting,1
,ruffled,1
,disguise,1
,spit,1
,fest,1
,influencer,1
,chubby,1
,purr,1
,clump,1
,cam,1
,compost,1
,quiver,1
,return,1
,adorable,1
,helper,1
,teepee,1
,acoustic,1
,lacey,1
,anatomically,1
,detergent,1
,psychotic,1
,earring,1
,grumpy,1
,shave,1
,crunchie,1
,diaper,1
,dig,1
,granny,1
,hefty,1
,liken,1
,bare,1
,constable,1
,catwoman,1
,rifle,1
,prettily,1
,softy,1
,poisoning,1
,disposable,1
,undesirable,1
,pampered,1
,jojoba,1
,bingo,1
,shrink,1
,ginger,1
,loco,1
,comb,1
,rag,1
,gravel,1
,upstairs,1
,algerian,1
,snarl,1
,torso,1
,cyclone,1
,leash,1
,trapeze,1
,miniature,1
,collage,1
,buffalo,1
,fake,1
,cockatoo,1
,improperly,1
,trackless,1
,lazily,1
,missy,1
,backseat,1
,recycled,1
,tuberculosis,1
,freeze-dried,1
,livestock,1
,noodle,1
,boogie,1
,scoop,1
,crumb,1
,puss,1
,eg,1
,dub,1
,re-release,1
,chilling,1
,counterfeit,1
,unlatch,1
,merlot,1
,sawed-off,1
,creamer,1
,hatchback,1
,midday,1
,obsess,1
,catcher,1
,plop,1
,feral,1
,sparkle,1
,fiancee,1
,accost,1
,hundred-dollar,1
,allowable,1
,necessary,1
,bounce,1
,thrash,1
,vulgar,1
,banged-up,1
,catnip,1
,real-life,1
,femme,1
,ghastly,1
,prick,1
,crunchy,1
,sticky,1
,enticement,1
,affectionate,1
,threatening,1
,dub,1
,hesitantly,1
,boo-boo,1
,prodigy,1
,gobble,1
,frenzy,1
,teensy,1
,knocking,1
,calico,1
,naughty,1
,spanish,1
,hippo,1
,scrambling,1
,boogie,1
,coatroom,1
,drool,1
,tone,1
,memorabilia,1
,baboon,1
,nosy,1
,rile,1
,grooming,1
,absorbent,1
,snag,1
,fluffy,1
,leukemia,1
,ale,1
,ointment,1
,panicky,1
,confab,1
,conqueror,1
,litterbox,1
,frisky,1
,wafer,1
,noticeable,1
,condo,1
,bunk,1
,dryer,1
,shriek,1
,flying,1
,icy,1
,trolley,1
,valium,1
,saber,1
,smiley,1
,stuffed,1
,waxed,1
,kestrel,1
,nirvana,1
,soothe,1
,tactile,1
,inhale,1
kelvin,temperature,131
,degree,101
,about,60
,million,24
,above,20
,surface,16
,absolute,15
,measure,12
,hot,11
,reach,10
,to,9
,scale,9
,below,9
,radiation,8
,low,8
,per,8
,star,8
,less,7
,cool,7
,cooler,7
,rise,7
,slightly,7
,hall,6
,density,6
,cold,6
,gas,6
,pressure,5
,sun,5
,color,5
,entire,4
,millionth,4
,solar,4
,frigid,4
,unit,4
,background,4
,central,4
,live,4
,nearly,4
,minus,4
,account,3
,warm,3
,basically,3
,rate,3
,negative,3
,warm,3
,helium,3
,approximately,3
,boil,3
,heat,3
,dwarf,3
,surround,3
,cosmic,3
,residential,3
,excess,3
,liquid,3
,universe,3
,region,3
,meter,3
,comparison,2
,cavity,2
,depending,2
,buckyball,2
,mole,2
,microwave,2
,seethe,2
,heat,2
,freeze,2
,atmosphere,2
,anywhere,2
,joule,2
,narrator,2
,core,2
,liquid,2
,roughly,2
,zero,2
,one,2
,cube,2
,average,2
,warming,2
,square,2
,uniform,2
,fuse,2
,massive,2
,chilly,2
,astronomer,2
,lord,2
,hue,2
,plus,2
,twice,2
,under,2
,opposed,2
,scorching,2
,balance,2
,heated,2
,attack,2
,atmospheric,2
,still,2
,plasma,2
,projector,1
,chill,1
,blinding,1
,applied,1
,magnetic,1
,interstellar,1
,orbital,1
,superconductivity,1
,ultraviolet,1
,cam,1
,low,1
,thermodynamic,1
,floodlight,1
,solenoid,1
,photosphere,1
,anecdote,1
,burn,1
,vapor,1
,paradoxically,1
,positron,1
,thermal,1
,genetics,1
,dew,1
,angrily,1
,bluish,1
,infrared,1
,astronomical,1
,billionth,1
,electron,1
,humorous,1
,trapped,1
,sup,1
,intergalactic,1
,continuously,1
,warship,1
,presently,1
,fridge,1
,low,1
,wavelength,1
,fine-scale,1
,turbulent,1
,desert,1
,registered,1
,magnetization,1
,centigrade,1
,reactant,1
,exit,1
,absoluteness,1
,hydrogen,1
,blackbody,1
,pineapple,1
,deposit,1
,expel,1
,shield,1
,fusion,1
,incandescent,1
,radiate,1
,luminosity,1
,hover,1
,discharge,1
,sideline,1
,fluctuation,1
,histogram,1
,pe,1
,observatory,1
,buzz,1
,flipping,1
,magnesium,1
,predicted,1
,contrast,1
,conductivity,1
,correspond,1
,shaded,1
,wait,1
,disorder,1
,heating,1
,lunar,1
,glow,1
,gradient,1
,watt,1
,dome,1
,superconducting,1
,two-layer,1
,indirectly,1
,abut,1
,probe,1
,shocking,1
,calibrate,1
,daylight,1
,radius,1
,eta,1
,experimentation,1
,staggering,1
,verge,1
,nitrogen,1
,spray,1
,standardize,1
,fortunate,1
,unstable,1
,unusually,1
,fox-trot,1
,meaningless,1
,crater,1
,cascade,1
,prep,1
,bombardment,1
,plume,1
,scrub,1
,surrounding,1
,wimp,1
,spurious,1
,compress,1
kisser,good,189
,great,52
,bad,35
,ass,24
,better,22
,best,21
,kiss,10
,amazing,7
,hell,6
,kisser,6
,lip,6
,sloppy,5
,butt,5
,smack,5
,smack,4
,excellent,4
,hugger,4
,date,3
,terrible,3
,fantastic,3
,sweet,3
,butt,3
,cult,3
,portion,2
,decent,2
,accomplished,2
,boom,2
,terrific,2
,super,2
,vertical,2
,lousy,2
,pie,2
,pretty,2
,cheek,2
,clay,2
,punch,2
,experienced,2
,button,2
,contact,2
,soft,2
,rump,2
,equal,2
,dancer,2
,though,2
,fabulous,2
,trick,2
,wet,2
,nerd,2
,awareness,2
,asshole,2
,damn,2
,sniffer,2
,outermost,2
,scruffy,1
,splendid,1
,first-rate,1
,hydrate,1
,spurt,1
,whack,1
,buzz,1
,aerial,1
,repress,1
,tree-hugger,1
,kissing,1
,plump,1
,paid,1
,bark,1
,fulfillment,1
,square,1
,smash,1
,knock-knock,1
,wrangler,1
,stack,1
,wimp,1
,popper,1
,yolk,1
,conga,1
,exceptionally,1
,split,1
,peppery,1
,bum,1
,pokey,1
,slug,1
,laver,1
,prodigious,1
,scratchy,1
,smirk,1
,hawkish,1
,jab,1
,jingle,1
,whistle,1
,picker,1
,virgin,1
,lad,1
,fern,1
,splash,1
,dab,1
,plump,1
,slap,1
,blurt,1
,unsuspecting,1
,lipstick,1
,nemesis,1
,ashen,1
,vibrant,1
,algebra,1
,appliance,1
,shatter,1
,odor,1
,polisher,1
,renounce,1
,dryness,1
,adorable,1
,indignant,1
,nip,1
,situate,1
,sniveling,1
,kissable,1
,cork,1
,gaggle,1
,flip-flopping,1
,leach,1
,crimson,1
,dating,1
,pucker,1
,tress,1
,phenomenal,1
,prime,1
,crab,1
,sycophantic,1
,pager,1
,dump,1
,spray,1
,mediocre,1
,bossy,1
,oomph,1
,cube,1
,shimmery,1
,sock,1
,below-average,1
,sensuous,1
,bumper,1
,noticeably,1
,buss,1
,righteously,1
,tutor,1
,swell,1
,koran,1
,tingle,1
,backseat,1
,born,1
,off-center,1
,satisfied,1
,mush,1
,aural,1
,garrulous,1
keel,ship,30
,under,29
,lay,23
,hull,20
,boat,18
,foot,18
,water,15
,deep,11
,bottom,11
,even,10
,along,10
,mast,10
,length,9
,beneath,9
,rudder,8
,protect,8
,keel,8
,full,8
,cut,7
,steady,7
,sea,7
,build,7
,central,6
,deck,6
,weight,6
,below,6
,above,5
,anchor,5
,laying,4
,emotional,4
,stern,4
,bulb,4
,wooden,4
,full-length,4
,winged,4
,touch,4
,design,4
,vessel,4
,solid,4
,extend,4
,stem,4
,snap,4
,lead,4
,uneven,3
,canoe,3
,fin,3
,visible,3
,design,3
,fiberglass,3
,proud,3
,skeleton,3
,upright,3
,portion,3
,fasten,3
,dorsal,3
,sailboat,3
,ridge,3
,secret,3
,tall,3
,form,3
,ice,3
,frame,3
,internal,3
,beam,3
,edge,3
,plate,3
,sail,3
,lake,3
,wave,3
,fit,3
,attach,3
,paint,3
,carbon-fiber,3
,lateral,3
,deep,2
,backbone,2
,fairly,2
,float,2
,starboard,2
,essential,2
,depth,2
,steamboat,2
,balance,2
,shipyard,2
,insert,2
,seabed,2
,tank,2
,embed,2
,bolt,2
,flower,2
,starship,2
,prow,2
,three-piece,2
,waterline,2
,ride,2
,sharp,2
,bilge,2
,delivery,2
,companionway,2
,iceberg,2
,launching,2
,thick,2
,wood,2
,strut,2
,twin,2
,moral,2
,composite,2
,possibly,2
,centerline,2
,weld,2
,regain,2
,smooth,2
,structural,2
,tracking,2
,yacht,2
,expose,2
,mount,2
,additional,2
,placement,2
,theologian,2
,manufacturer,2
,damage,2
,minimize,2
,tiny,2
,unveil,2
,cruiser,2
,steel,2
,rounded,2
,bone,2
,ceremony,2
,hold,2
,drown,2
,grim,2
,light,2
,decompress,2
,helm,2
,component,2
,appropriate,2
,propeller,2
,chine,2
,bow,2
,carbon,2
,rib,2
,front,2
,generally,2
,ancient,2
,oak,2
,surrounding,2
,meter,2
,assiduously,1
,clearance,1
,paramount,1
,cascade,1
,carefree,1
,retract,1
,friction,1
,sinker,1
,treatise,1
,waterfall,1
,convulsively,1
,magnificent,1
,leaden,1
,knife-like,1
,trained,1
,drape,1
,crunch,1
,outset,1
,bend,1
,claw,1
,confusingly,1
,petal,1
,cock,1
,aquatic,1
,rasp,1
,sideways,1
,handling,1
,mahogany,1
,catwalk,1
,blustery,1
,sealskin,1
,flange,1
,hydraulic,1
,grin,1
,walled-off,1
,twain,1
,jibe,1
,unbalanced,1
,puff,1
,spray,1
,beaked,1
,coiled,1
,grapple,1
,sub,1
,limp,1
,coil,1
,retractable,1
,spillage,1
,shattered,1
,slender,1
,softwood,1
,sloop,1
,waypoint,1
,mantel,1
,marl,1
,banner,1
,best-known,1
,gust,1
,japanese,1
,stabilize,1
,loosely,1
,censor,1
,numbering,1
,damaged,1
,deplore,1
,scrape,1
,biosphere,1
,sturdy,1
,revolt,1
,gild,1
,thicken,1
,hawthorn,1
,waterlogged,1
,haughty,1
,unsuccessfully,1
,vibrate,1
,auxiliary,1
,prop,1
,razor,1
,fibula,1
,forward,1
,logging,1
,long-ago,1
,layout,1
,matching,1
,deepen,1
,notched,1
,pompon,1
,sailor,1
,scant,1
,scrape,1
,steady,1
,sermon,1
,forge,1
,sleek,1
,graze,1
,spoke,1
,underside,1
,inflatable,1
,arching,1
,majestic,1
,mudflat,1
,neath,1
,propulsion,1
,downstream,1
,square,1
,gangway,1
,mercury,1
,noteworthy,1
,composite,1
,inscrutable,1
,v-shaped,1
,limber,1
,melange,1
,crest,1
,hollow,1
,teak,1
,rind,1
,spine,1
,intake,1
,vagaries,1
,clinch,1
,cod,1
,shaft,1
,curve,1
,falling,1
,rut,1
,ecological,1
,shield,1
,fold,1
,anyhow,1
,constraint,1
,raked,1
,scar,1
,torque,1
,twenty-foot,1
,bosun,1
,decoy,1
,creak,1
,rowboat,1
,shiny,1
,portal,1
,perpendicular,1
,graphite,1
,mighty,1
,klick,1
,knobby,1
,sucking,1
,cutthroat,1
,roil,1
,feather,1
kevlar,vest,108
,helmet,56
,wear,39
,armor,22
,body,21
,fiber,16
,jacket,13
,bulletproof,11
,carbon,11
,under,10
,flak,9
,line,9
,black,8
,fabric,7
,soldier,7
,layer,7
,glove,7
,bead,7
,plate,6
,protective,6
,kevlar,6
,material,6
,suit,5
,blanket,5
,light,4
,strap,4
,canoe,4
,upper,4
,tether,4
,woven,4
,tire,4
,cloth,4
,protection,4
,beneath,4
,belt,4
,protect,4
,panel,4
,bullet,3
,sleeve,3
,ceramic,3
,test,3
,pad,3
,round,3
,strip,3
,pillow,3
,tank,3
,backing,3
,penetrate,3
,composite,3
,high-tech,3
,shirt,3
,heavy,3
,kit,3
,incorporate,3
,drape,2
,skin,2
,carrier,2
,braid,2
,padded,2
,cavity,2
,surface,2
,chap,2
,coveralls,2
,sew,2
,tape,2
,sunglasses,2
,fucking,2
,troop,2
,insulated,2
,shorts,2
,bad,2
,rim,2
,lining,2
,advanced,2
,lack,2
,chest,2
,fatigue,2
,strength,2
,carbine,2
,thread,2
,lift,2
,dial,2
,fiberglass,2
,grab,2
,wound,2
,composite,2
,inflatable,2
,wrap,2
,pack,2
,battle,2
,tactical,2
,bottom,2
,wire,2
,silk,2
,thick,2
,tight,2
,stretch,2
,cord,2
,one,2
,heel,2
,inch,2
,inside,2
,cop,2
,core,2
,land,2
,blend,2
,prototype,2
,resin,2
,hull,2
,handle,2
,tube,2
,weave,2
,flexible,2
,padding,2
,inventor,2
,knife,2
,mask,2
,backpack,2
,prevent,2
,sock,2
,cable,2
,combat,2
,handmade,2
,yellow,2
,rope,2
,tent,2
,stuff,2
,riot,2
,strand,2
,cost,2
,soft,2
,tow,1
,hammer,1
,hybrid,1
,foam,1
,equip,1
,saddle,1
,high-quality,1
,stink,1
,pannier,1
,racing,1
,mold,1
,subwoofer,1
,double-layer,1
,suspension,1
,teflon,1
,wrap,1
,commando,1
,tight-fitting,1
,wrapped,1
,motocross,1
,nest,1
,sap,1
,envelope,1
,tattooed,1
,mesh,1
,wool,1
,pod,1
,fibre,1
,strap,1
,fragment,1
,carbon-fiber,1
,drip,1
,furnish,1
,crease,1
,midsole,1
,futuristic,1
,hard-packed,1
,unequal,1
,wrapper,1
,lace,1
,olive-green,1
,shorty,1
,slip,1
,stitching,1
,ripstop,1
,spacecraft,1
,spool,1
,military-grade,1
,swat,1
,instant,1
,lightweight,1
,lycra,1
,breathable,1
,hardened,1
,tweeter,1
,kilometer,1
,capsule,1
,dentist,1
,dew,1
,excessive,1
,mattress,1
,module,1
,elizabethan,1
,grippy,1
,truss,1
,one-piece,1
,high-performance,1
,fortunately,1
,thickness,1
,armored,1
,mercenary,1
,grid,1
,sheen,1
,bulk,1
,bodice,1
,outline,1
,cuff,1
,sandbag,1
,one-piece,1
,uniform,1
,wildly,1
,swap,1
,delamination,1
,embed,1
,disposable,1
,scratch,1
,doughboy,1
,headgear,1
,collar,1
,old-timer,1
,fasten,1
,fifty-foot,1
,vertigo,1
,laminated,1
,epoxy,1
,bead,1
,gallop,1
,washer,1
,outdoor,1
,joint,1
,employed,1
,scowl,1
,shield,1
,buttress,1
,braided,1
,conceal,1
,squat,1
,upgrade,1
,sedan,1
,webbing,1
,wedge,1
,fork,1
,unbuckle,1
,goggle,1
,slug,1
,manufacture,1
,weave,1
,beautifully,1
,shrapnel,1
,coating,1
,wartime,1
,fashionable,1
,maverick,1
,underfoot,1
,infantry,1
,undo,1
,bib,1
,polyester,1
,pressurize,1
,discarded,1
,dungaree,1
,filler,1
,rubber,1
,surplus,1
,swatch,1
,underside,1
,high-end,1
,inclusion,1
,slime,1
,titanium,1
,kayak,1
,waterproof,1
,bulky,1
,objectively,1
,cosmetic,1
,shaped,1
,glorified,1
,starched,1
,thanks,1
,toy,1
,knight,1
,type,1
,matching,1
,sleek,1
,experiment,1
,spoke,1
,ensemble,1
,hallmark,1
,knitted,1
,understandable,1
,yankee,1
,aluminum,1
,burial,1
,blunt,1
,scotch,1
,carcass,1
,crisscross,1
,girdle,1
,supplier,1
knickknacks,book,16
,little,13
,furniture,11
,shelf,9
,various,9
,room,9
,assorted,8
,sell,8
,box,8
,wall,8
,personal,7
,table,7
,buy,7
,souvenir,7
,clutter,6
,picture,6
,art,6
,antique,6
,plant,5
,dust,5
,item,5
,fill,5
,full,5
,toy,5
,clothes,4
,clothing,4
,chair,4
,stuff,4
,cover,4
,store,4
,sort,4
,jewelry,4
,collect,3
,clock,3
,antique,3
,artwork,3
,nautical,3
,crowd,3
,windowsill,3
,figurine,3
,cram,3
,painting,3
,plate,3
,line,3
,surface,3
,mantel,3
,pile,3
,glass,3
,pile,3
,drawer,3
,fun,2
,candle,2
,embroidered,2
,doilie,2
,fund,2
,worth,2
,arrange,2
,spiritual,2
,chocolate,2
,collection,2
,greeting,2
,tasteful,2
,t-shirt,2
,kitchen,2
,display,2
,store,2
,worthless,2
,mantelpiece,2
,utensil,2
,cabinet,2
,nook,2
,stuff,2
,offering,2
,pen,2
,candy,2
,houseplant,2
,postcard,2
,manner,2
,idiosyncratic,2
,lamp,2
,fake,2
,crystal,2
,cookbook,2
,fancy,2
,pattern,2
,coffee,2
,clean,2
,peddle,2
,attraction,2
,dish,2
,wooden,2
,photograph,2
,pillow,2
,tin,2
,porcelain,2
,examine,2
,dusty,2
,decorate,2
,rearrange,2
,whatnot,2
,furnishings,2
,couch,2
,tie,2
,tapestry,2
,novelty,2
,thousand,2
,beaded,2
,brass,2
,burn,2
,customer,2
,collectibles,1
,fireplace,1
,hanging,1
,bovine,1
,confederate,1
,placard,1
,doggy,1
,dolly,1
,healing,1
,bronze,1
,overflow,1
,recycled,1
,escape,1
,sentimental,1
,froufrou,1
,fudge,1
,accumulate,1
,goldfish,1
,oddball,1
,drapery,1
,sift,1
,dud,1
,hand-painted,1
,crow,1
,cornice,1
,devote,1
,recorder,1
,hanging,1
,incongruous,1
,apparel,1
,memento,1
,browsing,1
,rattle,1
,bumper,1
,overload,1
,salvadoran,1
,suitcase,1
,fusty,1
,treacherous,1
,inventory,1
,vulture,1
,highball,1
,rambunctious,1
,excavate,1
,hazard,1
,manly,1
,moldy,1
,papa,1
,out-of-place,1
,keepsake,1
,accessory,1
,treasure,1
,enterprising,1
,scavenge,1
,scrap,1
,faded,1
,mantle,1
,caress,1
,performer,1
,compact,1
,corral,1
,decor,1
,radiator,1
,rafter,1
,slate,1
,toddler,1
,watermelon,1
,elder,1
,stationery,1
,vase,1
,jut,1
,kooky,1
,vaguely,1
,alien,1
,seasonal,1
,floral,1
,planter,1
,senegalese,1
,flat,1
,led,1
,after,1
,branded,1
,outnumber,1
,reach,1
,scented,1
,clutch,1
,patience,1
,valuables,1
,jam,1
,skull,1
,interplay,1
,beam,1
,autographed,1
,cherry,1
,pharmaceutical,1
,nuts,1
,cramp,1
,kettle,1
,dizzying,1
,functional,1
,adornment,1
,magical,1
,charming,1
,overnight,1
,paperback,1
,convenience,1
,pottery,1
,bucket,1
,neglected,1
,placing,1
,cluttered,1
,rattan,1
,gaudy,1
,spire,1
,splash,1
,rug,1
,eccentric,1
,space-saving,1
,spindly,1
,incense,1
,victorian,1
,win-win,1
,ivory,1
,clay,1
,mushroom,1
,non-essential,1
,pricey,1
,profusely,1
,decorative,1
,curiously,1
,pterodactyl,1
,child-proof,1
,lodge,1
,toiletry,1
,liquor,1
,visiting,1
,patchwork,1
,parlor,1
,cushy,1
,forgotten,1
,second-hand,1
,frill,1
,handmade,1
,upscale,1
,appliance,1
,handwritten,1
,inexpensive,1
,houseware,1
,whirl,1
,aged,1
,replica,1
,dinosaur,1
,rear,1
,stackable,1
,adorable,1
,handcraft,1
,hawk,1
,jewel,1
,lace,1
,nifty,1
,ceramic,1
,overhyped,1
,staple,1
,silken,1
,hutch,1
,meticulous,1
,amid,1
,bookshelf,1
,banal,1
,bejeweled,1
,colossus,1
,scatter,1
,thimble,1
,entertaining,1
,endless,1
,exotic,1
,seashell,1
,overabundance,1
,bid,1
,price,1
,copper,1
,cutlery,1
,gothic,1
,blinking,1
,assortment,1
,pitcher,1
,dreck,1
,affordable,1
,cooked,1
,rust-colored,1
kickball,play,89
,game,48
,team,18
,kid,14
,pick,12
,baseball,11
,league,10
,dodgeball,9
,recess,8
,street,7
,adult,7
,during,7
,softball,6
,soccer,5
,football,5
,player,5
,join,4
,yard,4
,class,4
,flag,4
,basketball,4
,such,4
,kickball,4
,ball,3
,choose,3
,gym,3
,tee,3
,tag,3
,play,3
,cartoon,3
,cupcake,3
,volleyball,3
,eg,3
,captain,3
,playground,3
,workout,2
,goat,2
,semifinal,2
,like,2
,calorie,2
,version,2
,sport,2
,jumping,2
,ride,2
,organize,2
,duck,2
,employee,2
,fly,2
,tennis,2
,yoga,2
,neighborhood,2
,tag,2
,grade,2
,relay,2
,rope,2
,association,2
,outside,2
,beer,2
,versus,2
,ie,1
,lacrosse,1
,capture,1
,pit,1
,tier,1
,roasting,1
,soothing,1
,sock,1
,substitution,1
,skateboard,1
,helper,1
,concrete,1
,nude,1
,shortstop,1
,walrus,1
,ankle,1
,every,1
,indoor,1
,dancing,1
,backstroke,1
,thud,1
,disastrous,1
,mashed,1
,skull,1
,jeans,1
,hollow,1
,supper,1
,home-run,1
,pickup,1
,obstacle,1
,colony,1
,detention,1
,skate,1
,homemade,1
,trendy,1
,behalf,1
,dimpled,1
,hockey,1
,relaxed,1
,o'clock,1
,rhyme,1
,smack,1
,thumping,1
,yip,1
,jump,1
,varsity,1
,high-speed,1
,lawn,1
,audible,1
,six-inch,1
,hurl,1
,marathon,1
,canoeing,1
,pe,1
,counterproductive,1
,tug-of-war,1
,video-game,1
,tryout,1
,walking,1
,hallway,1
,twitch,1
,kangaroo,1
,ironic,1
,beloved,1
,pinky,1
,twilight,1
,temple,1
,normalcy,1
,crush,1
,inherently,1
,karate,1
,kite,1
,drill,1
,sucker,1
,checker,1
,rover,1
,archery,1
,inseparable,1
,pitcher,1
,pump,1
,groan,1
,incarnate,1
,late-afternoon,1
,grader,1
,marshmallow,1
,shorts,1
,mimosa,1
,bocce,1
kaleidoscopic,color,13
,image,11
,pattern,10
,change,8
,vision,7
,eye,7
,light,6
,effect,5
,variety,4
,nature,4
,view,4
,mural,4
,novel,4
,wall,3
,produce,3
,message,3
,deep,3
,light,3
,describe,3
,shadow,3
,mind,3
,swirl,3
,show,3
,culture,3
,play,3
,turd,3
,pop,3
,original,3
,art,3
,array,2
,rock,2
,represent,2
,sound,2
,glitter,2
,garden,2
,instead,2
,opening,2
,reveal,2
,rush,2
,shift,2
,album,2
,scene,2
,sort,2
,present,2
,spectacle,2
,montage,2
,vivid,2
,page,2
,constantly,2
,style,2
,render,2
,powerfully,2
,shade,2
,infinite,2
,horizon,2
,opposite,2
,form,2
,magical,2
,author,2
,pastiche,2
,rich,2
,bedroom,2
,despite,2
,flower,2
,visitor,2
,swirl,2
,leaf,2
,movement,2
,nightmare,2
,drawing,2
,surface,2
,display,2
,global,2
,crazy,2
,fecundity,2
,shape,2
,design,2
,mystery,2
,exhibition,2
,greenery,2
,blur,2
,imagery,2
,motion,2
,dull,2
,like,2
,fall,2
,sunny,2
,top,2
,mix,2
,quarter,2
,forward,1
,chaos,1
,recession,1
,passing,1
,pavement,1
,pied-a-terre,1
,ramshackle,1
,dome,1
,sort,1
,excite,1
,explosion,1
,straddle,1
,milieu,1
,surrealist,1
,moss,1
,blink,1
,dynamic,1
,emerging,1
,saga,1
,spill,1
,astonishment,1
,neon-lit,1
,alert,1
,biopic,1
,bold,1
,pile,1
,rendition,1
,glory,1
,straightaway,1
,hot-pink,1
,backdrop,1
,imagination,1
,superb,1
,discontinuous,1
,fractal,1
,fella,1
,fugitive,1
,funhouse,1
,absorb,1
,assaulted,1
,alternate,1
,concerning,1
,ceremony,1
,adolescence,1
,coalesce,1
,blizzard,1
,petunia,1
,melon,1
,burst,1
,cure,1
,recreation,1
,gunfire,1
,attractive,1
,industrialization,1
,hypocrisy,1
,imbue,1
,storytelling,1
,kinetic,1
,reflection,1
,neon,1
,parakeet,1
,post-world,1
,revolve,1
,inclusive,1
,brilliantly,1
,crave,1
,peruvian,1
,psychedelic,1
,drift,1
,spangle,1
,spectral,1
,heal,1
,epistle,1
,unicorn,1
,lettuce,1
,blanket,1
,dupe,1
,resemble,1
,fractured,1
,shocking,1
,segment,1
,bedeck,1
,pantheon,1
,bullshit,1
,color,1
,shifting,1
,supplement,1
,atonement,1
,cosmos,1
,formalism,1
,amid,1
,compass,1
,pantry,1
,coloring,1
,incorporate,1
,glorious,1
,sot,1
,depending,1
,endless,1
,braid,1
,preside,1
,propulsive,1
,kamikaze,1
,helplessly,1
,attentive,1
,compact,1
,twist,1
,variation,1
,waterfall,1
,contort,1
,geometry,1
,shapeless,1
,flame,1
,tile,1
,stitch,1
,magnificent,1
,oak,1
,chronicle,1
,carnival,1
,listener,1
,slope,1
,hazel,1
,tulip,1
,intensely,1
,hypnotize,1
,illustration,1
,jauntily,1
,accompany,1
,caramel,1
,pinwheel,1
,excess,1
,linked,1
,exploration,1
,segregated,1
,floral,1
,medium,1
,overt,1
,splattered,1
,stationery,1
,solemn,1
,theological,1
,layered,1
,liken,1
,alpine,1
,behold,1
,colored,1
,broadway,1
,bubble,1
,chronicle,1
,plethora,1
,crumble,1
,provoke,1
,rival,1
,dig,1
,cleavage,1
,patterning,1
,odds,1
,earring,1
,fabric,1
,everyday,1
,intentionally,1
,dizzy,1
,dreamlike,1
,scream,1
,fiery,1
,overnight,1
,cinematography,1
,prism,1
,amidst,1
,monitor,1
,working-class,1
,wallpaper,1
,overlapping,1
,parade,1
,ghostly,1
,gliding,1
,mirror,1
,shake-up,1
,tempo,1
,intensity,1
,bloom,1
,pulsating,1
,messy,1
,magnet,1
,capsule,1
,fragmentation,1
,melting,1
,memorable,1
,masterpiece,1
,hue,1
,jumble,1
,kerchief,1
,fleet,1
,cyclone,1
,salad,1
,roundabout,1
,ballroom,1
,mythic,1
,plaster,1
,recognizable,1
,deploy,1
,swing,1
,trippy,1
,pinball,1
,fragment,1
,flash,1
,faintly,1
,horror,1
,malaria,1
,crisp,1
kept,woman,48
,man,26
,thinking,9
,feed,6
,pace,6
,secret,6
,rate,5
,record,4
,alive,4
,track,3
,red,3
,tab,3
,keeper,3
,promise,3
,simple,2
,murder,2
,gram,2
,through,2
,upon,2
,dependent,2
,walking,2
,apartment,2
,badly,2
,grace,2
,machine,2
,buying,2
,fighting,2
,sex,2
,hidden,2
,watch,2
,running,2
,stink,1
,trader,1
,dry,1
,offering,1
,dying,1
,small-company,1
,up-to-date,1
,abbot,1
,watching,1
,ambition,1
,cargo,1
,czech,1
,dinar,1
,familiarity,1
,happening,1
,initiate,1
,aspen,1
,concubine,1
,bulge,1
,diary,1
,strap,1
,strive,1
,ie,1
,worldly,1
,underneath,1
,knotted,1
,applied,1
,exemplar,1
,sock,1
,swimming,1
,consent,1
,mum,1
,cycling,1
,undecided,1
,luxurious,1
,comeback,1
,flat,1
,moving,1
,appropriately,1
,pakistani,1
,deviation,1
,gigolo,1
,unconscious,1
,canary,1
,curl,1
,planting,1
,mistress,1
,raising,1
,son-in-law,1
,neuron,1
,nineteenth-century,1
,defiance,1
,jogging,1
,changing,1
,crying,1
,blonde,1
,falling,1
,hunting,1
,torture,1
,opioid,1
,spouse,1
,stretcher,1
,nubuck,1
,prescribe,1
,impregnate,1
,inca,1
,partly,1
,preach,1
,surveillance,1
,high,1
,passover,1
,defending,1
,inflation,1
,turning,1
,manufacture,1
,panther,1
,down,1
,smoking,1
,synonymous,1
,visionary,1
,peso,1
,pint,1
,evolved,1
,elevated,1
,promoter,1
,lap,1
,philander,1
,spiking,1
,timeline,1
,textbook,1
,advancing,1
,bold,1
,search,1
,grandpa,1
,illegitimate,1
,talking,1
,versatility,1
,addict,1
,wanderings,1
,dull,1
,time,1
,refuse,1
,synopsis,1
,intellectual,1
,pilings,1
,pounding,1
,mere,1
,artificially,1
,four-wheel,1
,dine,1
,ale,1
,subscription,1
,unplug,1
,refine,1
,mature,1
,shifting,1
,leftist,1
,racy,1
,smoking,1
,warfare,1
,moderate,1
,passing,1
,sardonically,1
,pantry,1
,dreaming,1
,standing,1
,laden,1
,wounded,1
,lust,1
,cooked,1
,pleasing,1
,quick,1
,program,1
,abs,1
,yellowed,1
,mitochondria,1
,armoire,1
,naturalization,1
,clipping,1
,booty,1
kingly,power,21
,rule,10
,office,10
,crown,9
,authority,8
,form,5
,treasure,5
,name,5
,government,5
,line,4
,duty,4
,sum,3
,almost,3
,prophetic,3
,priestly,3
,royal,3
,robe,3
,king,3
,title,3
,gift,3
,enjoy,3
,regal,2
,wear,2
,rule,2
,accept,2
,kingly,2
,century,2
,particular,2
,noble,2
,oppression,2
,shall,2
,suite,2
,sun,2
,hotel,2
,descendant,2
,conduct,2
,responsibility,2
,status,2
,glory,2
,red,2
,leave,2
,privilege,2
,subject,2
,surrender,2
,present,2
,sport,2
,sphere,2
,throne,2
,mission,2
,thrice,2
,deity,2
,distant,2
,feast,2
,nature,2
,connotation,2
,splendor,2
,image,2
,sword,1
,heavily,1
,hebrew,1
,calm,1
,dominate,1
,dominion,1
,magnificence,1
,clown,1
,composure,1
,sway,1
,inscription,1
,likeness,1
,bulk,1
,covet,1
,queenly,1
,seal,1
,stewardship,1
,restraint,1
,fearless,1
,chorus,1
,palm,1
,champion,1
,convey,1
,concede,1
,derive,1
,accompany,1
,unmask,1
,irregular,1
,paragon,1
,purple,1
,proclamation,1
,repudiate,1
,tassel,1
,intervene,1
,contract,1
,pressing,1
,disposition,1
,entourage,1
,formal,1
,remaining,1
,apology,1
,emblem,1
,given,1
,mantle,1
,origin,1
,prowess,1
,customarily,1
,hatred,1
,triumph,1
,widowhood,1
,abominable,1
,besides,1
,benevolence,1
,mutter,1
,chiefly,1
,opposite,1
,lately,1
,hover,1
,wield,1
,blossom,1
,demeanor,1
,rhyme,1
,treason,1
,indulge,1
,inherit,1
,elite,1
,earthquake,1
,rising,1
,relic,1
,flash,1
,precious,1
,render,1
,divest,1
,ensconced,1
,possession,1
,seeming,1
,laughter,1
,abolish,1
,considerably,1
,absolutist,1
,rap,1
,restore,1
,squat,1
,spectrum,1
,epilogue,1
,anemone,1
,initial,1
,jaw,1
,mystique,1
,chronological,1
,credential,1
,garment,1
,spying,1
,governance,1
,arrogant,1
,righteousness,1
,exotic,1
,symbol,1
,governmental,1
,grave,1
,worldly,1
,loneliness,1
,lordship,1
,debauchery,1
,draught,1
,translate,1
,await,1
,advocate,1
,smoking,1
,ambitious,1
,unveil,1
,weigh,1
,butt,1
,trace,1
,tenfold,1
,commonly,1
,sovereignty,1
,steed,1
,divinely,1
,favour,1
,prevail,1
,proffer,1
,possession,1
,dynamic,1
,gawky,1
,germanic,1
,humanity,1
,induce,1
,tomb,1
,trappings,1
,vault,1
,pilothouse,1
,positively,1
,literal,1
,overindulgence,1
,practically,1
,plaid,1
,grandfather,1
,grandson,1
,lion,1
,charity,1
,ambition,1
,tyranny,1
,infuse,1
,want,1
,weaken,1
,ostentatiously,1
,commons,1
,constitutional,1
,eagle,1
,distinguished,1
,outfit,1
,overwhelm,1
,jacket,1
,looter,1
,prophet,1
,concerto,1
,reverend,1
,garb,1
,evil,1
,velvet,1
,defeat,1
,spiral,1
,pen,1
,boorish,1
,consequently,1
,descent,1
,reminder,1
,wisdom,1
,misadventure,1
,colonized,1
,patio,1
,armor,1
,assert,1
,perpetuate,1
,dare,1
,authoritative,1
,morality,1
,parentage,1
,controversial,1
,priesthood,1
,european,1
,secure,1
,fur-lined,1
,talker,1
,theology,1
,concentration,1
,conquer,1
,reign,1
,martial,1
,coming,1
,bless,1
,undisputed,1
,knight,1
,logic,1
,pad,1
,cloak,1
,pope,1
,dice,1
,japanese,1
,worth,1
,assault,1
,soccer,1
,beneficial,1
,predatory,1
,galaxy,1
,haughty,1
,warrior,1
keratin,protein,24
,treatment,18
,hair,17
,cell,7
,fiber,6
,contain,6
,product,6
,skin,6
,fragment,5
,debris,5
,structure,5
,nail,5
,expression,5
,layer,5
,cause,4
,oil,4
,produce,4
,stuff,4
,material,4
,suave,4
,cover,4
,molecule,3
,human,3
,horn,3
,calcium,3
,form,3
,dead,3
,structural,3
,type,3
,antler,3
,fibrous,3
,feather,3
,brazilian,3
,kit,3
,basal,3
,complex,3
,amino,3
,strengthen,3
,fill,3
,acid,3
,strand,3
,bond,3
,compose,3
,air,2
,growth,2
,buildup,2
,tooth,2
,mix,2
,damage,2
,primarily,2
,bone,2
,increased,2
,either,2
,reinforce,2
,natural,2
,carbonate,2
,pore,2
,chemical,2
,cover,2
,caption,2
,production,2
,restore,2
,smooth,2
,gene,2
,elastin,2
,finger,2
,outer,2
,actin,2
,duct,2
,infusion,2
,figure,2
,original,2
,strainer,2
,perhaps,2
,apply,2
,acidic,2
,ear,2
,relaxer,2
,mineral,2
,clog,2
,epidermal,2
,substance,2
,dorsal,2
,analysis,2
,beta,2
,novel,2
,accumulate,2
,formation,2
,styling,2
,key,2
,express,2
,mammary,2
,pearl,2
,clot,1
,combo,1
,plug,1
,stimulate,1
,exfoliate,1
,pure,1
,densely,1
,restrict,1
,soften,1
,eagle,1
,trapped,1
,cellular,1
,individually,1
,bind,1
,fragmentation,1
,lipids,1
,cocktail,1
,intersperse,1
,moisture,1
,subset,1
,synthetic,1
,iron,1
,asymmetrically,1
,rough,1
,sheath,1
,lamellar,1
,profile,1
,regulate,1
,serum,1
,extraction,1
,smooth,1
,intercellular,1
,operator,1
,compacted,1
,contamination,1
,scattered,1
,flavor,1
,tongue,1
,cytoplasm,1
,precursor,1
,raw,1
,salon,1
,speed,1
,squamous,1
,granule,1
,tissue,1
,ingredient,1
,moisturize,1
,shade,1
,varying,1
,collectively,1
,alpha,1
,nanostructure,1
,plug,1
,embed,1
,derive,1
,exact,1
,bundle,1
,overlying,1
,blend,1
,capability,1
,consist,1
,itch,1
,absence,1
,worth,1
,synthesis,1
,invader,1
,overlap,1
,stabilize,1
,patch,1
,quill,1
,jet,1
,balm,1
,mouse,1
,bundled,1
,filter,1
,melanin,1
,at-home,1
,biological,1
,crescent,1
,exert,1
,induction,1
,coating,1
,marked,1
,chemically,1
,variable,1
,canal,1
,phenotype,1
,amyloid,1
,stringy,1
,inability,1
,strengthening,1
,retention,1
,glue,1
,accumulation,1
,additionally,1
,armpit,1
,concentrated,1
,stain,1
,supplement,1
,cartilage,1
,pile,1
,precise,1
,professional,1
,scraper,1
,numerous,1
,conditioner,1
,disease-causing,1
,sub,1
,sulfate,1
,basin,1
,derivative,1
,focal,1
,lining,1
,extension,1
,senescence,1
,processing,1
,deplete,1
,popularity,1
,epithelial,1
,yummy,1
,hydrate,1
,superimpose,1
,absorb,1
,differentiation,1
,structured,1
,fibril,1
,acute,1
,proteoglycan,1
,flattened,1
,exhibit,1
,fork,1
,repair,1
,distinguish,1
,tip,1
,trace,1
,wheat,1
,normally,1
,naturally-occurring,1
,water-resistant,1
,loosen,1
,highlight,1
,spike,1
,fragrance,1
,infiltrate,1
,packed,1
,transform,1
,prostate,1
,albumin,1
,tightly,1
,ivory,1
,applied,1
,cytoskeletal,1
,protective,1
,detect,1
,prognosis,1
,dough,1
,immense,1
,hammering,1
,vitamin,1
,rebuild,1
,drop,1
kabob,grill,13
,serve,12
,chicken,10
,vegetable,10
,shrimp,9
,skewer,7
,beef,7
,cover,6
,grilled,6
,eat,6
,lamb,6
,lemon,4
,grill,4
,place,4
,meat,4
,kabob,4
,taste,4
,rice,4
,include,4
,curry,3
,banana,3
,green,3
,fruit,3
,cook,3
,sauce,3
,sprinkle,3
,cheese,3
,stew,3
,dish,3
,steak,3
,salad,3
,seafood,2
,fish,2
,vegan,2
,creole,2
,occasionally,2
,caterpillar,2
,veggie,2
,shop,2
,piece,2
,platter,2
,inch,2
,sell,2
,marinated,2
,per,2
,greek,2
,ground,2
,stuff,2
,main,2
,yield,2
,calorie,2
,traditional,2
,stand,2
,summer,2
,order,2
,cooked,2
,crunchy,2
,cantaloupe,2
,fan,2
,chunk,2
,burger,2
,delicacy,2
,course,2
,arrange,2
,serving,2
,ground,1
,ginger,1
,tofu,1
,menu,1
,nordic,1
,python,1
,co-star,1
,prize,1
,brazier,1
,specialty,1
,goat,1
,mutton,1
,smuggle,1
,orzo,1
,pork,1
,rub,1
,flat,1
,freshly,1
,hamburger,1
,bruschetta,1
,cart,1
,coach,1
,roast,1
,filet,1
,tandoori,1
,tray,1
,unlike,1
,nut,1
,proudly,1
,refried,1
,cow,1
,giant,1
,lend,1
,matchstick,1
,pavement,1
,roasted,1
,snowman,1
,graze,1
,spear,1
,surprising,1
,glaze,1
,toss,1
,uncover,1
,accompaniment,1
,whiskey,1
,pita,1
,egyptian,1
,grilling,1
,fold-down,1
,lean,1
,crab,1
,recipe,1
,liberally,1
,jaw,1
,yield,1
,hummus,1
,preparation,1
,frankly,1
,thai,1
,juice,1
,belly,1
,broiler,1
,soup,1
,sidebar,1
,stack,1
,boneless,1
,tasty,1
,turkey,1
,kumquat,1
,cacciatore,1
,sandwich,1
,rack,1
,tourist,1
,char,1
,flour,1
,fabulous,1
,boring,1
,uneven,1
,foo,1
,desired,1
,appetizer,1
,mint,1
,flake,1
,spice,1
,pay,1
,roaster,1
,grasshopper,1
,swell,1
,scoff,1
,frozen,1
,goddamn,1
,adventurous,1
,mess,1
,tenderloin,1
,hankering,1
,casserole,1
,dip,1
,flaming,1
,fruity,1
,go-to,1
,bake,1
,mignon,1
,delectable,1
,cook,1
,rack,1
,hawker,1
,rattlesnake,1
,reward,1
,corn,1
,cannibal,1
,pizza,1
,delicious,1
,turkish,1
,marinate,1
,broiled,1
,calming,1
,moroccan,1
,balsamic,1
,barbecue,1
,eagle,1
,sheep,1
,talented,1
,brush,1
,palate,1
,preheat,1
,scallions,1
,sadly,1
,slice,1
,special,1
,squid,1
,cricket,1
,teriyaki,1
,intermittent,1
,joint,1
,baklava,1
,beverage,1
,biscuit,1
,noodle,1
,crisp,1
,cube,1
,pasta,1
,sharp,1
,seasoned,1
,pineapple,1
,swordfish,1
,garlic,1
,boar,1
,thread,1
,vendor,1
,chase,1
,colorful,1
,separately,1
,taco,1
,specialized,1
,ant,1
,broil,1
,chop,1
,scallop,1
,catfish,1
,potato,1
,earring,1
,dip,1
,yogurt,1
,cajun,1
,pepper,1
,festive,1
,stake,1
,blackened,1
,trim,1
,backcountry,1
,smell,1
,mighty,1
,companion,1
,cooling,1
,stir-fry,1
,boob,1
,half-eaten,1
kielbasa,sausage,26
,polish,13
,turkey,10
,sauerkraut,8
,slice,5
,eat,5
,cooked,5
,smoked,5
,cut,5
,add,4
,such,4
,meat,4
,low-fat,4
,minute,4
,ounce,4
,cook,4
,pierogi,4
,pound,4
,fully,3
,cheese,3
,fresh,3
,simmer,3
,cabbage,3
,smoke,3
,sandwich,3
,pizza,3
,stuff,3
,pork,3
,white,3
,beef,3
,andouille,3
,farm,2
,detail,2
,wall,2
,oil,2
,through,2
,famous,2
,soy,2
,plate,2
,vegetable,2
,chopped,2
,pull,2
,bratwurst,2
,deep-dish,2
,sweet,2
,fried,2
,platter,2
,rice,2
,substitute,2
,deli,2
,piece,2
,salami,2
,kielbasa,2
,stir,2
,bean,2
,smell,2
,pot,2
,hot,2
,breast,2
,bosom,1
,preserved,1
,eke,1
,google,1
,derive,1
,medium-high,1
,fryer,1
,seasoned,1
,broccoli,1
,pepper,1
,mashed,1
,dink,1
,spicy,1
,transfer,1
,latke,1
,oven,1
,pickle,1
,reduced-fat,1
,chorizo,1
,passover,1
,medium,1
,onion,1
,blend,1
,shove,1
,tablespoon,1
,thyme,1
,aroma,1
,chop,1
,fajita,1
,smooth,1
,grill,1
,fudge,1
,thread,1
,ham,1
,bet,1
,stew,1
,lightly,1
,haggis,1
,cheddar,1
,pronounced,1
,occasionally,1
,salad,1
,pant,1
,raisin,1
,saucepot,1
,gumbo,1
,variation,1
,foil,1
,whole-wheat,1
,mighty,1
,duck,1
,shooting,1
,between,1
,pile,1
,priest,1
,dutch,1
,freshly,1
,skewer,1
,wince,1
,cob,1
,pump,1
,roast,1
,roll,1
,rose,1
,sliced,1
,lengthwise,1
,brown,1
,pastrami,1
,ringer,1
,intimate,1
,bowling,1
,chili,1
,clam,1
,gourmet,1
,quail,1
,mushroom,1
,flavor,1
,smoky,1
,frozen,1
,alternately,1
,line,1
,mince,1
,palace,1
,scallions,1
,assorted,1
,casserole,1
,madame,1
,bologna,1
,casing,1
,dessert,1
,teaspoon,1
,custom-made,1
,cured,1
,tomato,1
,olive,1
,omelet,1
,dice,1
,fancy,1
,uncured,1
,standby,1
,house-made,1
,burger,1
,bless,1
,ethnic,1
,garlicky,1
,worthy,1
,cross,1
,shipment,1
,inaudible,1
,moniker,1
,moving,1
,jambalaya,1
,maximum,1
,rib,1
,heat,1
,haven,1
,pate,1
,spaghetti,1
,bacon,1
,grilled,1
,menu,1
,soup,1
,sticker,1
,classic,1
,borscht,1
,cook,1
,sour,1
,top,1
,hallway,1
,wound,1
,winch,1
kumbaya,lord,28
,moment,27
,sing,20
,kumbaya,8
,hold,5
,hand,5
,neighbor,4
,together,4
,liberal,4
,circle,3
,republican,3
,miss,2
,campfire,2
,singing,2
,shit,2
,stuff,2
,motherfucker,2
,sway,2
,camper,2
,friendship,2
,resent,1
,consensus,1
,stick,1
,bromide,1
,strain,1
,narrator,1
,healing,1
,blonde,1
,politically,1
,horseshit,1
,nuthouse,1
,obnoxiously,1
,racial,1
,consideration,1
,pacifist,1
,bless,1
,rousing,1
,bipartisan,1
,chorus,1
,kinda,1
,virus,1
,collectivism,1
,wind,1
,blueprint,1
,entirety,1
,sway,1
,looney,1
,ugliness,1
,ready,1
,fundamental,1
,coming,1
,protester,1
,pursuit,1
,nonexistent,1
,cosmic,1
,torso,1
,burn-in,1
,flirt,1
,leftist,1
,ie,1
,lefty,1
,gridlock,1
,response,1
,hug,1
,catechism,1
,acceptance,1
,father-daughter,1
,fiefdom,1
,infect,1
,accomplish,1
,meet-up,1
,ultimate,1
,nirvana,1
,grinch,1
,mindfulness,1
,jerk,1
kit,out,48
,check,25
,scheme,5
,around,5
,fully,5
,check,5
,room,3
,couple,3
,toward,2
,item,2
,build,2
,forgery,2
,rock,2
,late,2
,fence,2
,illegal,2
,describe,2
,sting,1
,shock,1
,surf,1
,hormonal,1
,jail,1
,blouse,1
,similarly,1
,steady,1
,spanking,1
,treasury,1
,label,1
,missing,1
,blanket,1
,divide,1
,exacerbate,1
,bookshelf,1
,amid,1
,mobility,1
,bulgarian,1
,attempted,1
,allegation,1
,skiing,1
,fraud,1
,enact,1
,time-worn,1
,clothing,1
,flying,1
,ally,1
,dodge,1
,drill,1
,favorite,1
,satisfaction,1
,flair,1
,expedition,1
,technician,1
,perfectly,1
,floating,1
,workshop,1
,package,1
,revolve,1
,rocket,1
,eve,1
,ever-increasing,1
,hunter,1
,frisson,1
,interact,1
,wide,1
,compound,1
,female,1
,grappler,1
,middle-school,1
,basement,1
,sweating,1
,properly,1
,continental,1
,scare,1
,stolen,1
,flat,1
,gated,1
,binding,1
,bunny,1
,rug,1
,dynamics,1
,flier,1
,mastermind,1
,low,1
,odd,1
,protective,1
,defensive,1
,float,1
,translated,1
,racer,1
,embezzle,1
,rent,1
,rig,1
,strain,1
,helmet,1
,furniture,1
,vert,1
,line,1
,ponderosa,1
,windsurfing,1
,rap,1
,dizzy,1
,flank,1
,mechanic,1
,breeze,1
,print,1
,retrieve,1
,fabric,1
,sweeping,1
,tan,1
,up,1
,parlor,1
,colonel,1
,battleship,1
,aggressive,1
,pole,1
,custom,1
,disturbance,1
,camouflage,1
,outing,1
,steep,1
,comedy,1
,severe,1
,gear,1
,peddle,1
,doleful,1
,wire,1
,market,1
,delight,1
,ridge,1
,maverick,1
,jaywalk,1
,showgirl,1
,libel,1
,beige,1
,bike,1
,distinctive,1
,sail,1
,stunt,1
,assistant,1
,pad,1
,navajo,1
,multi-story,1
,nauseate,1
,ridgeline,1
,fleet,1
,violation,1
,winter,1
,arrest,1
,summit,1
,sophisticated,1
,japanese-style,1
,campaign-finance,1
,strap-on,1
,fancy,1
,sphere,1
,pant,1
,compact,1
,pop,1
klansman,single,4
,senator,4
,boy,4
,governor,4
,hooded,3
,daddy,3
,preacher,3
,nazi,3
,duke,3
,neo-nazi,2
,klansman,2
,nazi,2
,crazed,2
,fellow,2
,media,2
,daughter,2
,tiny,2
,democrat,2
,towards,2
,dub,2
,serve,2
,arrest,2
,candidate,2
,reputed,2
,decision,2
,presidential,2
,skinhead,2
,hanging,2
,vote,2
,racist,2
,incumbent,1
,question,1
,quote,1
,fuse,1
,conversion,1
,evolution,1
,elbow,1
,cherokee,1
,evil,1
,likely,1
,celebration,1
,light,1
,cartoon,1
,cave,1
,alleged,1
,anniversary,1
,aryan,1
,unaware,1
,secretly,1
,indictment,1
,inner,1
,baggage,1
,pelican,1
,pour,1
,gop,1
,mercenary,1
,troll,1
,overt,1
,block,1
,chase,1
,martyred,1
,fortune,1
,conspiracy,1
,senatorial,1
,snake-oil,1
,mean,1
,notorious,1
,bum,1
,diamond,1
,talking,1
,black,1
,nasty,1
,re-enact,1
,found,1
,elective,1
,shiite,1
,surely,1
,chapel,1
,coward,1
,devoted,1
,stir,1
,unwise,1
,hatred,1
,might,1
,tar,1
,lawn,1
,crossing,1
,crowning,1
,match,1
,qualify,1
,salesman,1
,ugly,1
,lapsed,1
,lynch,1
,portray,1
,cross,1
,robed,1
,glory,1
,square,1
,onstage,1
,bigot,1
,minority,1
,contest,1
,deteriorating,1
,transform,1
,wind,1
,waste,1
,mannequin,1
,acknowledge,1
,booklet,1
,shock,1
,retarded,1
,row,1
,short-term,1
,jail,1
,bigotry,1
,one-day,1
kaddish,say,46
,mourner,16
,recite,13
,prayer,7
,remember,5
,dead,5
,mother,4
,kaddish,4
,name,3
,whisper,3
,chant,3
,jewish,3
,performance,2
,grandmother,2
,first,2
,rabbi,2
,death,2
,lock,2
,son,2
,hebrew,2
,sing,2
,existence,1
,unnerve,1
,weeping,1
,pit,1
,relative,1
,grave,1
,yearly,1
,baritone,1
,hum,1
,renewal,1
,intone,1
,platter,1
,self,1
,sergeant,1
,poplar,1
,dealer,1
,swastika,1
,indistinct,1
,custom,1
,synagogue,1
,genius,1
,laugh,1
,conceptualize,1
,scrub,1
,ultimately,1
,scrape,1
,absence,1
,intervening,1
,gate,1
,marble,1
,tooth,1
,tap,1
,offering,1
,georgian,1
,aramaic,1
,primarily,1
,chain,1
,theme,1
,howl,1
,charismatic,1
,benevolent,1
,living,1
,origin,1
,quietly,1
,rehearse,1
,translation,1
,heir,1
,circle,1
,praise,1
,mark,1
,loose,1
,attained,1
,casket,1
,decay,1
,symphony,1
,activate,1
,candle,1
,fellow,1
,conservatory,1
killjoy,hate,5
,real,4
,killjoy,4
,bit,3
,fucking,3
,reputation,2
,wet,2
,fun,2
,confirm,2
,feminist,2
,blanket,2
,along,2
,curfew,1
,crank,1
,establishment,1
,spiteful,1
,well-known,1
,compulsory,1
,hack,1
,stuck-up,1
,long-suffering,1
,encouraging,1
,overcast,1
,repetitive,1
,sill,1
,dedicated,1
,dour,1
,spoil,1
,confectionery,1
,hipster,1
,bitter,1
,puritan,1
,steamy,1
,ultimate,1
,commander,1
,quibble,1
,childhood,1
,hold,1
,re,1
,sexist,1
,merry,1
,novel,1
,past,1
,perception,1
,dreary,1
,contrarian,1
,frown,1
,high-protein,1
,leaden,1
,display,1
,fanatic,1
,hypothesis,1
,suspenseful,1
,household,1
,curmudgeon,1
,bureaucrat,1
,null,1
,kiss,1
,cosmic,1
,caution,1
,prude,1
,skepticism,1
,lugubrious,1
,stodgy,1
,alert,1
,sincerely,1
,can,1
,discredit,1
,atheist,1
,politically,1
,piss,1
,surly,1
,horrible,1
,offensive,1
,drought,1
,tear,1
,avatar,1
,decency,1
,uptight,1
,whiny,1
,ambulance,1
,scientologist,1
,puritanical,1
,puritanism,1
,fix,1
,festivity,1
,creep,1
,buttoned-up,1
,diaper,1
kaolin,clay,23
,white,14
,company,11
,mining,9
,industry,7
,mine,5
,pigment,5
,specially,4
,use,4
,granite,4
,firm,3
,mine,3
,bentonite,3
,particle,3
,processed,3
,fruit,3
,mineral,3
,cover,3
,powder,3
,reclaim,3
,red,3
,county,2
,dig,2
,spend,2
,type,2
,pure,2
,potential,2
,limestone,2
,ingredient,2
,tree,2
,whiteness,2
,wood,2
,apple,2
,coating,2
,ground,2
,flour,2
,sulfur,2
,tax,2
,whole,2
,film,2
,fine,2
,across,2
,ochre,2
,century,2
,association,2
,formulate,2
,such,2
,fiber,2
,sodium,1
,eighteenth-century,1
,growing,1
,voluntarily,1
,islamic,1
,undoubtedly,1
,attach,1
,belt,1
,inexpensive,1
,mask,1
,blot,1
,bond,1
,paint,1
,concentration,1
,subsurface,1
,sunburn,1
,slip,1
,marble,1
,mixture,1
,trident,1
,motif,1
,bauxite,1
,intermittently,1
,vegetation,1
,bait,1
,artificial,1
,famous,1
,successfully,1
,mix,1
,reflective,1
,silver,1
,dot,1
,wad,1
,untempered,1
,worth,1
,formula,1
,french,1
,dry,1
,half-circle,1
,bread,1
,slight,1
,aluminum,1
,ward,1
,aspirin,1
,mica,1
,producer,1
,height,1
,conditioner,1
,postpone,1
,quartz,1
,transform,1
,repair,1
,improving,1
,waterproof,1
,wheat,1
,dutch,1
,detective,1
,distraught,1
,active,1
,miner,1
,worldwide,1
,venue,1
,attribute,1
,soil,1
,conceive,1
,chunk,1
,string,1
,select,1
,teenager,1
,mark,1
,coat,1
,limit,1
,contrast,1
,specialty,1
,additive,1
,insect,1
,kiln,1
,oxide,1
,consume,1
,editorial,1
,taxation,1
,waterproofing,1
,valuable,1
,indigo,1
,color,1
,orange,1
,feldspar,1
,starch,1
,olive,1
,coal,1
,citrus,1
,rape,1
,flat,1
,fig,1
,calcium,1
,iron,1
,carving,1
,chalk,1
,dolomite,1
,spokesman,1
,spray,1
,drum,1
,estimate,1
,sue,1
,colored,1
,coat,1
,cooperative,1
,uranium,1
,grease,1
,watering,1
,moisture,1
,alumina,1
,porcelain,1
,strip,1
,asphalt,1
,domination,1
,carbonate,1
,pipe,1
,chest,1
,recreation,1
,gradually,1
,grower,1
,tax,1
,territory,1
,pot,1
kleptocracy,corruption,4
,term,4
,corrupt,4
,long,3
,live,3
,war,3
,official,2
,development,2
,practice,2
,shit,2
,gop,2
,vast,2
,royal,2
,avoid,2
,benefit,2
,society,2
,russian,2
,no,2
,authoritarian,2
,innovation,2
,control,2
,enter,2
,ongoing,2
,waste,1
,meaning,1
,acceptable,1
,pathological,1
,relieving,1
,five-year,1
,squander,1
,strengthen,1
,right-wing,1
,formation,1
,handbook,1
,kleptocratic,1
,more-or-less,1
,neoliberal,1
,budding,1
,circulate,1
,construction,1
,short,1
,era,1
,theocratic,1
,virtually,1
,dismiss,1
,shackle,1
,shill,1
,jingoism,1
,capitalist,1
,rigid,1
,reform,1
,evil,1
,maximum,1
,privatized,1
,corporate,1
,evolution,1
,delight,1
,citadel,1
,puppet,1
,postulate,1
,industrial,1
,tyranny,1
,acquire,1
,rule,1
,statism,1
,fabulously,1
,interchangeably,1
,regime,1
,growing,1
,tribal,1
,inverted,1
,abuse,1
,abusive,1
,monarchy,1
,mix,1
,collapse,1
,critic,1
,oligarchic,1
,inverse,1
,totalitarianism,1
,merge,1
,clerical,1
,combine,1
,developed,1
,enterprise,1
,missed,1
,virginian,1
,bear,1
,administrative,1
,but,1
,tour,1
,concerning,1
,donor,1
,jurisdiction,1
,spawn,1
,finance,1
,exempt,1
,imperial,1
,function,1
,exploit,1
,inflict,1
,avenue,1
,absurdity,1
,perpetrator,1
,despotism,1
,corporatist,1
,genocidal,1
,leasing,1
,spew,1
,exit,1
,correlation,1
,escalating,1
,excuse,1
,unelected,1
,resource,1
,export,1
,initially,1
,inevitably,1
,warmly,1
,height,1
,irretrievably,1
,interfere,1
,sanctioned,1
,eroding,1
,usher,1
,prop,1
,blatantly,1
,clan,1
,deprived,1
,wrest,1
,complex,1
,relief,1
,feedback,1
,separate,1
,authoritarianism,1
,illicitly,1
,millennium,1
,iraqi,1
,trend,1
,hate,1
,versus,1
,whitewash,1
,outright,1
,perfect,1
,pure,1
,dominate,1
,select,1
,devolve,1
,post-soviet,1
,forgiveness,1
,sustain,1
,vibration,1
,alternatively,1
,anything,1
,apropos,1
,dishonour,1
,entitlement,1
kidder,kid,11
,on,8
,great,6
,big,5
,fun,2
,institute,2
,bit,2
,laugh,2
,funny,2
,pygmy,1
,forgive,1
,guilty,1
,earnest,1
,hull,1
,nacho,1
,exit,1
,laughter,1
,unemployed,1
,cheese,1
,unfolding,1
,hardly,1
,banker,1
,pumpkin,1
,rush,1
,twin,1
,gown,1
,surely,1
,joke,1
,actress,1
,fat,1
,pile,1
,welcome,1
,confront,1
,giggle,1
,scared,1
,auntie,1
,daredevil,1
,boot,1
,pepperoni,1
,digest,1
,ethics,1
,shared,1
ketosis,state,9
,into,8
,body,6
,out,5
,reach,5
,without,4
,ketosis,4
,stable,3
,patient,3
,condition,3
,diet,3
,nutritional,3
,glucose,3
,process,3
,month,2
,cow,2
,figure,2
,evidence,2
,normal,2
,fat,2
,however,2
,diabetic,2
,inherently,2
,acid,2
,lead,2
,trigger,2
,transition,2
,eat,2
,cause,2
,placenta,2
,enter,2
,remain,2
,metabolism,2
,inefficient,2
,metabolic,2
,deprive,2
,natural,2
,generally,2
,induce,2
,energy,2
,animal,2
,benign,1
,formerly,1
,fatty,1
,knee-deep,1
,rind,1
,intake,1
,categorize,1
,fruit,1
,amino,1
,nausea,1
,starvation,1
,scientific,1
,odd,1
,blunt,1
,aim,1
,result,1
,essential,1
,preservation,1
,cholesterol,1
,pork,1
,switch,1
,strictly,1
,waste,1
,ketoacidosis,1
,re,1
,link,1
,overnight,1
,fatal,1
,stevia,1
,burning,1
,emergency,1
,stress,1
,keto,1
,biochemical,1
,carbohydrate,1
,milk,1
,negative,1
,recognition,1
,secondary,1
,vitreous,1
,via,1
,ultimate,1
,mean,1
,caption,1
,consistently,1
,last,1
,cyclical,1
,rid,1
,starch,1
,testing,1
,judge,1
,untreated,1
,promote,1
,firmly,1
,symptomatic,1
,fast,1
,menu,1
,decreased,1
,retain,1
,cannibalism,1
,catch,1
,flaw,1
,analyze,1
,recommend,1
,historically,1
,induction,1
,ketone,1
,absent,1
,exhaust,1
,literature,1
,ill,1
,facilitate,1
,fuel,1
,sugar,1
,restrict,1
keratinocyte,cell,24
,skin,11
,fibroblast,9
,human,9
,differentiation,9
,epidermal,8
,function,6
,growth,5
,lead,5
,normal,5
,proliferation,5
,factor,5
,inflammatory,4
,up-regulation,4
,activation,3
,express,3
,between,3
,surface,3
,response,3
,apoptosis,3
,dermal,3
,result,3
,layer,2
,alteration,2
,immune,2
,cultured,2
,basal,2
,exclusively,2
,plaque,2
,fig,2
,oral,2
,regulation,2
,pale,2
,signal,2
,marker,2
,murine,2
,produce,2
,such,2
,including,2
,large,2
,active,2
,rate,2
,healthy,2
,disease,2
,promote,2
,psoriatic,2
,differentially,1
,adrenal,1
,cellular,1
,intercellular,1
,absent,1
,molecule,1
,microtubule,1
,disturbed,1
,follicle,1
,adhesion,1
,lung,1
,cryotherapy,1
,marked,1
,release,1
,in,1
,endothelial,1
,turnover,1
,psoriasis,1
,well-established,1
,lysosomal,1
,protein,1
,resistance,1
,lesion,1
,undergo,1
,observe,1
,occupy,1
,portion,1
,researcher,1
,expose,1
,screen,1
,dermis,1
,ulceration,1
,arachidonic,1
,induce,1
,abnormal,1
,multiple,1
,arsenic,1
,tobacco,1
,bulbous,1
,phase,1
,mouse,1
,load,1
,increase,1
,invasion,1
,primary,1
,cross,1
,synthesize,1
,histone,1
,collagen,1
,whatnot,1
,melanoma,1
,pancreas,1
,encode,1
,thickness,1
,mitochondria,1
,acute,1
,low-level,1
,direct,1
,vitro,1
,migration,1
,deposition,1
,infiltrate,1
,burn,1
,contribute,1
,via,1
,result,1
,essential,1
,mess,1
,mitosis,1
,nucleus,1
,constitutively,1
,resident,1
,recruitment,1
,expression,1
,extract,1
,subcutaneous,1
,antigen,1
,unsupervised,1
,acid,1
,melanocyte,1
,ad,1
,modulate,1
,progenitor,1
,prostate,1
,fat,1
,spontaneous,1
,influence,1
,biopsy,1
,noticeable,1
,overexpress,1
,overexpression,1
,cluster,1
,decrease,1
,participant,1
,cytotoxicity,1
,sticky,1
,autoantibody,1
,increased,1
,normally,1
,catalyze,1
,proliferate,1
,cytoplasmic,1
,microscopy,1
,spreading,1
,exhibit,1
,evaluate,1
,link,1
,confocal,1
,dysfunction,1
,zone,1
,sustained,1
,viral,1
,link,1
,damage,1
,deficiency,1
kneepad,wear,12
,helmet,9
,glove,5
,without,5
,down,5
,purple,3
,shorts,3
,bring,3
,presidential,3
,blade,2
,carry,2
,off,2
,pill,2
,pad,2
,pain,2
,always,2
,ankle,2
,quilted,2
,pull,2
,drive,2
,kneepad,2
,use,2
,wrist,2
,brace,2
,hope,2
,leather,2
,elbow,2
,guard,2
,steal,2
,thick,2
,thigh,2
,across,2
,add-on,1
,three-pointer,1
,stick,1
,handle,1
,handy,1
,hat,1
,elevate,1
,scurry,1
,equalizer,1
,etc,1
,shin,1
,hidden,1
,strap,1
,stubby,1
,stump,1
,skin,1
,gray,1
,win,1
,journalist,1
,kid,1
,killer,1
,knee,1
,kneel,1
,kneeling,1
,sweatpants,1
,sweet,1
,impeachment,1
,incident,1
,tremble,1
,invention,1
,jacket,1
,wristband,1
,gardener,1
,tape,1
,tester,1
,lacrosse,1
,lean,1
,visible,1
,volleyball,1
,wrench,1
,request,1
,rock,1
,echo,1
,safety,1
,purchase,1
,drape,1
,discourse,1
,removable,1
,repetitive,1
,rain,1
,rapist,1
,rave,1
,readily,1
,ditch,1
,shoulder,1
,excursion,1
,exercise,1
,fall,1
,flaming,1
,flashlight,1
,sow,1
,football,1
,forgo,1
,sleeve,1
,slip,1
,soccer,1
,soldier,1
,headlamp,1
,heart-shaped,1
,microbus,1
,barely,1
,baseball,1
,bat,1
,bedroom,1
,beg,1
,bench,1
,beneath,1
,autograph,1
,am,1
,anchor,1
,articulate,1
,majestic,1
,neoprene,1
,compressive,1
,conduct,1
,pair,1
,parallel,1
,camper,1
,pinch,1
,chin,1
,plumbing,1
,pocket,1
,polish,1
,clip,1
,crawl,1
,obvious,1
,custom,1
,protective,1
knowingness,knowingness,4
,kind,3
,speak,3
,perhaps,3
,without,3
,homosexuality,2
,air,2
,eye,2
,create,2
,of,2
,face,2
,faith,2
,dry,2
,sad,2
,technique,2
,playful,2
,culture,2
,dark,2
,oneness,1
,stave,1
,classification,1
,convey,1
,envy,1
,flop,1
,thirst,1
,core,1
,sweetness,1
,sympathy,1
,present,1
,opposite,1
,popularly,1
,delighted,1
,specialize,1
,joy,1
,bloom,1
,permeate,1
,surprised,1
,contemporary,1
,unbearable,1
,flatter,1
,above,1
,jewish,1
,marshal,1
,style,1
,genius,1
,inscribed,1
,liberate,1
,conversational,1
,sardonic,1
,salty,1
,surely,1
,girlish,1
,unsettle,1
,conceive,1
,criticism,1
,petulance,1
,poem,1
,cynicism,1
,rural,1
,frequently,1
,smile,1
,wit,1
,self-protective,1
,mix,1
,contemporary,1
,childhood,1
,sexual,1
,ironic,1
,fluidity,1
,smirk,1
,complicity,1
,postmodern,1
,prefer,1
,creeping,1
,debunk,1
,relative,1
,logic,1
,surprising,1
,tender,1
,emotional,1
,proof,1
,encounter,1
,beat,1
,painting,1
,refuge,1
,ease,1
,chin,1
,sharply,1
,slide,1
,acquire,1
,bubbly,1
,register,1
,beingness,1
,blind,1
,condescending,1
,constitute,1
,feedback,1
,couplet,1
,loop,1
,lack,1
,kitsch,1
,occasional,1
,onto,1
,demonstrate,1
,flat,1
,nod,1
,hint,1
,philosophy,1
,tick,1
,panache,1
,curious,1
,title,1
,attack,1
,beauty,1
,insufferable,1
,weary,1
,overtly,1
,combine,1
,associate,1
,exchange,1
,stripe,1
,universe,1
,display,1
,urgency,1
,grown-up,1
,flash,1
,lesbian,1
,all-purpose,1
,candor,1
,present,1
,tongue,1
,independence,1
kundalini,yoga,14
,energy,10
,experience,6
,spiritual,5
,experience,4
,spine,3
,awaken,3
,reach,3
,feel,3
,lot,3
,kundalini,2
,release,2
,open,2
,rise,2
,yin,2
,often,2
,meditation,2
,awakening,2
,secret,2
,problem,2
,along,2
,comprehend,1
,perceive,1
,oneness,1
,realm,1
,expensive,1
,latent,1
,optimal,1
,trauma,1
,cosmic,1
,furthermore,1
,taoist,1
,concept,1
,chakra,1
,coil,1
,otherwise,1
,indian,1
,aspect,1
,spinal,1
,distract,1
,glide,1
,soften,1
,conjure,1
,ecstatic,1
,distressed,1
,ignorance,1
,episode,1
,tunic,1
,awesome,1
,overcome,1
,called,1
,sexual,1
,entanglement,1
,session,1
,catholic,1
,trouble,1
,waken,1
,active,1
,psychic,1
,undergo,1
,alchemy,1
,route,1
,style,1
,phenomenon,1
,inhabit,1
,arousal,1
,guest,1
,doings,1
,wave,1
,emergency,1
,consequently,1
,creative,1
,ufo,1
,vision,1
,uncoiled,1
,migration,1
,aura,1
,column,1
,favorite,1
,therapist,1
,previously,1
,tap,1
,yogic,1
,terrifying,1
,gem,1
,lazy,1
,colloidal,1
,etc,1
,soul,1
,locate,1
,crisis,1
,demon,1
,tailbone,1
,treat,1
,largely,1
,coast,1
,expert,1
,lie,1
,mysterious,1
,mystic,1
knuckleballer,win,8
,become,4
,hall,3
,ever,3
,fame,3
,start,2
,true,2
,female,2
,pitch,2
,against,2
,fellow,2
,season,2
,narrowly,1
,prospect,1
,finalist,1
,tone,1
,obscure,1
,brave,1
,peripatetic,1
,professional,1
,habit,1
,interested,1
,spark,1
,curveball,1
,strictly,1
,extension,1
,no-hitter,1
,shocking,1
,ranger,1
,famous,1
,standout,1
,pride,1
,unhittable,1
,award,1
,induct,1
,release,1
,baseball,1
,hit,1
,accomplish,1
,knuckleball,1
,yankee,1
,whippet,1
,contract,1
,league,1
,pitcher,1
,struggling,1
,rank,1
,full-time,1
,stuck,1
,unlike,1
,pitch,1
,veteran,1
,wood,1
,rookie,1
,strike,1
,arrive,1
,co-star,1
,successful,1
keen-eyed,observer,10
,hunter,4
,spot,4
,as,3
,star,2
,spy,2
,reader,2
,face,2
,flickering,2
,seem,2
,guide,2
,shear,2
,analyst,2
,quick-witted,2
,tailor,2
,perch,2
,note,2
,enough,2
,question,2
,lookout,2
,cross-legged,2
,bounty,2
,incredible,1
,bird,1
,currently,1
,rabbit,1
,ornithologist,1
,poet,1
,elegantly,1
,shy,1
,capable,1
,master,1
,plain,1
,critter,1
,gaze,1
,drunk,1
,equally,1
,undercover,1
,dairyman,1
,outnumber,1
,fortune,1
,various,1
,genius,1
,appreciate,1
,analytical,1
,resident,1
,terribly,1
,rapt,1
,display,1
,slumber,1
,revert,1
,predator,1
,user,1
,crawler,1
,inspector,1
,bird-watcher,1
,discern,1
,spotter,1
,secretary,1
,bicycle,1
,fashion,1
,quietly,1
,requisite,1
,cop,1
,challenger,1
,noir,1
,illumination,1
,behavioral,1
,collaboration,1
,position,1
,slender,1
,bow,1
,bright,1
,man-sized,1
,challenging,1
,piety,1
,foe,1
,perusal,1
,clerk,1
,pub,1
,desktop,1
,guide,1
,turkey,1
,vintage,1
,surface,1
,solar,1
,willowy,1
,inspection,1
,adviser,1
,carefully,1
,retired,1
,consultant,1
,release,1
,driver,1
,western,1
,disappear,1
,self-critical,1
,major,1
,unique,1
,disapproval,1
,operative,1
,camera,1
,disoriented,1
,expression,1
,fall,1
,helmsman,1
,brand,1
,low-angle,1
,collector,1
,hole,1
,pin,1
,seat,1
,hire,1
,velociraptor,1
,leap,1
,navigator,1
kopeck,pay,5
,give,5
,ruble,4
,quarter,3
,only,3
,fishhook,2
,about,2
,stake,2
,save,2
,cost,2
,bottle,2
,kopeck,2
,apiece,2
,coin,2
,butter,2
,rusty,1
,wax,1
,regret,1
,donor,1
,earn,1
,honor,1
,cent,1
,alleyway,1
,machine,1
,hand,1
,knife,1
,painting,1
,shout,1
,french,1
,used,1
,mumble,1
,drip,1
,mint,1
,cabby,1
,key,1
,cabbie,1
,carefully,1
,melt,1
,worth,1
,retouch,1
,manipulate,1
,reply,1
,basic,1
,cart,1
,homeward,1
,trash,1
,steel,1
,killing,1
,empty,1
,worth,1
,gamble,1
,intriguing,1
,blackened,1
,bulb,1
,grudge,1
,hardly,1
,collect,1
,intact,1
,beggar,1
,soap,1
,grip,1
,toll,1
,photograph,1
,shiny,1
kora,hell,7
,master,5
,instrument,5
,guitar,4
,play,4
,player,2
,protectorate,2
,stringed,2
,gambian,2
,maestro,2
,malian,2
,republic,2
,spin,2
,french,2
,meet,2
,meld,1
,hypnotic,1
,imagination,1
,friendly,1
,spot,1
,springtime,1
,thus,1
,soften,1
,solo,1
,harmony,1
,harp,1
,tour,1
,trappings,1
,divine,1
,delicately,1
,famous,1
,similar,1
,sing,1
,singer,1
,married,1
,marry,1
,feature,1
,sophomoric,1
,specialize,1
,string,1
,brand,1
,duo,1
,scribbling,1
,electric,1
,didgeridoo,1
,disc,1
,display,1
,release,1
,lilting,1
,australian,1
,backup,1
,barrel,1
,bass,1
,beer,1
,african,1
,album,1
,pluck,1
,poetry,1
,pairing,1
,clockwise,1
,collaboration,1
,percussionist,1
,organic,1
,bridge,1
,photograph,1
,credit,1
,cuban,1
,prayer,1
,counterpoint,1
,countless,1
,courtesy,1
,previous,1
,production,1
,prose,1
,intricacy,1
,valuable,1
,virtuoso,1
,acoustic,1
,lyrical,1
,lyrics,1
,xylophone,1
,keyboard,1
,west,1
,wheel,1
kid-size,use,3
,wear,3
,t-shirt,2
,eat,2
,available,2
,bike,2
,chair,2
,across,2
,portion,2
,salary,2
,salmon,1
,distribute,1
,donated,1
,dose,1
,request,1
,explorer,1
,saw,1
,scoop,1
,scorpion,1
,fit,1
,spear,1
,spider,1
,split,1
,equipment,1
,shrunken,1
,sign,1
,silly,1
,skin,1
,furniture,1
,garden,1
,gate,1
,station,1
,demon,1
,rake,1
,range,1
,raptor,1
,french,1
,set,1
,sherbet,1
,smoked,1
,snack,1
,snake,1
,softball,1
,hanger,1
,strap,1
,structure,1
,submarine,1
,suitcase,1
,hook,1
,hoop,1
,tennis,1
,aluminum,1
,meal,1
,menu,1
,green,1
,guitar,1
,tiny,1
,tool,1
,toothbrush,1
,toy,1
,travel,1
,tunnel,1
,invest,1
,coloring,1
,peach,1
,perch,1
,perfect,1
,completely,1
,overwhelming,1
,pancake,1
,preserver,1
,construct,1
,cooking,1
,processor,1
,cutesy,1
,purple,1
,quickly,1
,race,1
,adjust,1
,logo,1
,lovable,1
,lowdown,1
,aperture,1
,armchair,1
,mild,1
,basically,1
,basketball,1
,bat,1
,brick,1
,bristle,1
,bull,1
,bunk,1
,burger,1
,pile,1
,bowtie,1
,butcher,1
,carrier,1
,plus,1
,binoculars,1
,accompany,1
,backpack,1
,backyard,1
,regular,1
,renovate,1
,elephant,1
,rocker,1
,rocking,1
,tablet,1
,interlocking,1
,vegetable,1
,sunglasses,1
,wedding,1
,workbench,1
,yield,1
,liquid,1
,literally,1
,west,1
,wheel,1
kitchen-table,from,8
,issue,7
,talk,5
,dealer,5
,conversation,5
,like,5
,musing,4
,kitchen,4
,economic,3
,concern,3
,instead,2
,care,2
,operation,2
,focus,2
,believe,2
,health,2
,standard,2
,start,2
,everyday,1
,series,1
,gate,1
,folk,1
,growth,1
,gun,1
,supposed,1
,organizer,1
,radio,1
,deliberation,1
,unwelcome,1
,junior,1
,vividness,1
,strength,1
,stress,1
,stuff,1
,subject,1
,laptop,1
,item,1
,jewelry,1
,vase,1
,victory,1
,hobby,1
,low-volume,1
,wisdom,1
,worry,1
,wrapping,1
,letter,1
,place,1
,ceramics,1
,planning,1
,possess,1
,clearly,1
,clintonian,1
,clue,1
,cramped,1
,credibility,1
,crisis,1
,apartment,1
,affect,1
,mangle,1
,availability,1
,back-alley,1
,am,1
,answer,1
,middle-class,1
,bread-and-butter,1
,economy,1
,reform,1
,domestic,1
,dominate,1
,discussion,1
,fare,1
,fight,1
,finger,1
,nationally,1
,bold,1
,cabinet,1
,campaign,1
,care,1
,corporation,1
,previous,1
,promising,1
,proverbial,1
kulak,peasant,6
,death,4
,against,3
,only,3
,murder,2
,share,2
,exile,2
,rich,2
,land-owning,2
,landowner,1
,vulnerable,1
,wealthy,1
,internal,1
,unlatch,1
,farmer,1
,farming,1
,fate,1
,goddamn,1
,set,1
,shame,1
,propaganda,1
,prosper,1
,deserve,1
,designate,1
,distinction,1
,equivalent,1
,rural,1
,russian,1
,ruthless,1
,economy,1
,resistance,1
,wipe,1
,worker,1
,exploit,1
,exterminate,1
,siberian,1
,sing,1
,fret,1
,son-in-law,1
,starvation,1
,starve,1
,identify,1
,thus,1
,takeover,1
,terrible,1
,grandfather,1
,grocery,1
,gulag,1
,suppression,1
,sympathizer,1
,hatred,1
,unfurl,1
,treatment,1
,brutal,1
,neighbor,1
,backward,1
,minority,1
,believer,1
,classify,1
,capitalist,1
,boldness,1
,bourgeois,1
,brand,1
,physically,1
,compare,1
,con,1
,onto,1
,collectivization,1
,caste,1
,perfect,1
,aristocrat,1
,merciless,1
kanamycin,resistance,7
,gentamicin,5
,position,3
,contain,3
,acid,3
,tetracycline,3
,marker,3
,associate,2
,amikacin,2
,aminoglycoside,2
,ofloxacin,2
,per,2
,without,2
,regimen,2
,human,2
,streptomycin,2
,sulfate,1
,indicate,1
,injectable,1
,isolate,1
,used,1
,vector,1
,treatment,1
,target,1
,replace,1
,researcher,1
,additional,1
,recombination,1
,particularly,1
,agent,1
,pig,1
,presence,1
,decrease,1
,protect,1
,centrifugation,1
,ototoxicity,1
,overnight,1
,page,1
,plasmid,1
,plus,1
,nalidixic,1
,broth,1
,neomycin,1
,carry,1
,obtain,1
,available,1
,appropriate,1
,medium,1
,scavenger,1
,expression,1
,single,1
,furthermore,1
,gene,1
,south,1
,second-line,1
,select,1
,selectable,1
,selection,1
,sensitive,1
,following,1
,slightly,1
,guinea,1
,standardized,1
,harvest,1
,supplement,1
,systemic,1
kittenish,face,4
,way,4
,hand,3
,give,2
,sexy,2
,no,2
,wear,2
,french,2
,very,2
,little,2
,intend,2
,wake-up,1
,walk,1
,wave,1
,wow,1
,insist,1
,intellect,1
,video,1
,lack,1
,lean,1
,leery,1
,sex,1
,fail,1
,photograph,1
,place,1
,otherwise,1
,classic,1
,pap,1
,blow,1
,bolero,1
,border,1
,contrite,1
,character,1
,charm,1
,pointed,1
,pose,1
,possess,1
,protest,1
,provocative,1
,past,1
,perform,1
,dainty,1
,demand,1
,demure,1
,desirable,1
,dewy-eyed,1
,rather,1
,drape,1
,dress,1
,relevantly,1
,energetic,1
,enhance,1
,dialogue,1
,digger,1
,disposition,1
,response,1
,retain,1
,revert,1
,fragile,1
,ear,1
,fur,1
,gaze,1
,sound,1
,spread,1
,eternally,1
,fashion,1
,feature,1
,feed,1
,excited,1
,magnificent,1
,male,1
,attention,1
,moss,1
,apartment,1
,appeal,1
,appealing,1
,arm,1
,barely,1
,beach,1
,beautiful,1
,behave,1
,behavior,1
,glamorous,1
,gold,1
,tooth,1
,trace,1
,travel,1
,highly,1
,synthetic,1
,underused,1
,version,1
,happy,1
,grandmother,1
,angel,1
,matter,1
,memoir,1
,teeny,1
,telling,1
,temper,1
,slight,1
,smoky,1
,somewhat,1
