questionable,practice,257
,highly,246
,decision,145
,best,130
,assumption,103
,behavior,96
,value,95
,list,94
,character,90
,claim,81
,activity,75
,morally,74
,call,73
,source,65
,tactic,51
,ethically,50
,injury,48
,questionable,48
,somewhat,48
,knee,47
,method,47
,content,43
,engage,42
,judgment,42
,ankle,39
,ethics,36
,taste,36
,ballot,36
,legality,34
,circumstance,33
,due,32
,investigation,32
,validity,31
,dealings,31
,accounting,30
,background,30
,loan,29
,spam,28
,reliability,28
,conduct,27
,move,27
,hamstring,27
,testimony,26
,assertion,25
,contribution,24
,payment,24
,conclusion,23
,procedure,22
,loyalty,21
,illegal,21
,extremely,20
,legally,20
,spending,19
,light,18
,credibility,18
,moral,18
,groin,18
,reputation,17
,increasingly,17
,relevance,16
,motive,16
,penalty,16
,efficacy,15
,deem,15
,origin,14
,expenditure,14
,interpretation,14
,fund-raising,14
,proposition,14
,logic,14
,patent,14
,utility,13
,transaction,13
,effectiveness,13
,accuracy,13
,habit,13
,potentially,13
,constitutionally,13
,practice,12
,premise,12
,intention,12
,merit,12
,scientifically,12
,lending,11
,integrity,11
,trading,11
,hygiene,11
,virtue,10
,donation,10
,motivation,10
,officially,10
,morality,10
,judgement,10
,downright,9
,veracity,9
,dubious,9
,nevertheless,9
,furthermore,9
,legitimacy,9
,methodology,9
,authenticity,9
,provenance,9
,promotion,8
,competence,8
,ruling,8
,concussion,8
,allegedly,8
,uncover,8
,registration,7
,recruiting,7
,doubtful,7
,acquisition,7
,intent,7
,outright,7
,eg,7
,coaching,7
,ethical,7
,alleged,7
,billing,7
,critique,6
,costly,6
,respect,6
,the,6
,qualification,6
,usefulness,6
,thigh,6
,lender,6
,suspicious,6
,signing,6
,hire,6
,constitutionality,6
,sanity,6
,regard,6
,environmentally,6
,no-holds-barred,6
,classify,5
,flaw,5
,sexuality,5
,attendance,5
,maneuver,5
,sprained,5
,usage,5
,inference,5
,sloppy,5
,misconduct,5
,rationale,5
,linebacker,5
,interference,5
,problematic,5
,audit,5
,empirical,5
,risky,5
,racially,5
,probable,5
,factually,5
,borderline,5
,citation,5
,flawed,4
,deduction,4
,cam,4
,african-american,4
,sincerity,4
,implicate,4
,attribution,4
,hitter,4
,empirically,4
,financially,4
,unethical,4
,viability,4
,allegiance,4
,misleading,4
,pardon,4
,resort,4
,listed,4
,untested,4
,mildly,4
,preventable,4
,antics,4
,viking,4
,detail,4
,stat,4
,shady,4
,credential,4
,unacceptable,4
,handling,4
,aesthetics,4
,fraudulent,4
,remotely,4
,foul,4
,surf,4
,deed,4
,investigative,4
,lapse,4
,objectivity,4
,aside,4
,parentage,4
,tenure,4
,autism,4
,endeavor,4
,remedy,4
,escalate,4
,faulty,4
,parenting,4
,fullback,3
,alone,3
,improbable,3
,reimbursement,3
,texan,3
,presumption,3
,understandable,3
,intentional,3
,foreclosure,3
,homosexuality,3
,repute,3
,play-calling,3
,insufficiently,3
,unjustified,3
,outdated,3
,burst,3
,gimmick,3
,forearm,3
,standardized,3
,hospitality,3
,factual,3
,battlefield,3
,reported,3
,borrower,3
,emulate,3
,construct,3
,referee,3
,espionage,3
,mar,3
,supposition,3
,implicitly,3
,judging,3
,let,3
,theologically,3
,nodule,3
,portrayal,3
,thimerosal,3
,winger,3
,offshore,3
,riddle,3
,superior,3
,myriad,3
,outright,3
,flat-out,3
,paternity,3
,champ,3
,wartime,3
,unsound,3
,meta-analysis,3
,acorn,3
,storyline,3
,fertility,3
,bookkeeping,3
,deceptive,3
,unreliable,3
,spiritually,3
,decision-making,3
,appellate,3
,madden,3
,speculative,3
,bribery,3
,affidavit,3
,surface,3
,quadriceps,3
,wary,3
,hiring,3
,nutritional,3
,patriotism,3
,alibi,3
,anecdote,3
,officiating,3
,deterrent,3
,umpire,3
,fumble,3
,bruised,3
,proxy,3
,improper,3
,fit,3
,voluntarily,3
,additive,3
,alienate,2
,nation-state,2
,trustworthy,2
,unsavory,2
,contusion,2
,plagiarism,2
,conceptually,2
,inaccurate,2
,drawback,2
,feces,2
,present,2
,liaison,2
,omission,2
,siting,2
,shiite,2
,cloudy,2
,regressive,2
questioning,line,307
,during,171
,under,133
,join,128
,far,101
,tough,91
,lead,74
,attorney,46
,face,44
,intense,42
,round,32
,witness,32
,critical,32
,present,29
,aggressive,28
,constant,28
,authority,28
,direct,28
,admit,26
,judge,25
,senator,25
,questioning,24
,will,24
,socratic,24
,repeated,23
,sharp,22
,persistent,20
,relentless,19
,radical,18
,prosecutor,17
,thinking,16
,pursue,16
,assumption,15
,harsh,14
,hearing,14
,initial,14
,extensive,14
,prior,14
,suspect,14
,hostile,14
,oral,13
,inquiry,13
,prompt,13
,question,13
,juror,13
,doubt,12
,continued,12
,acknowledge,12
,conclude,11
,motive,11
,rigorous,11
,verbal,11
,probing,10
,resume,10
,cease,10
,insistent,10
,gentle,10
,fundamental,9
,confirmation,9
,nominee,9
,feedback,9
,response,9
,examination,9
,undergo,9
,skepticism,9
,philosophical,8
,vigorous,8
,judiciary,8
,model,8
,open-ended,8
,repetitive,8
,legitimacy,8
,investigator,8
,high-level,8
,reflection,8
,mode,8
,reflective,7
,pointed,7
,skeptical,7
,curiosity,7
,prospective,7
,counsel,7
,testimony,7
,systematic,7
,voluntary,7
,provoke,7
,interrogation,7
,follow-up,7
,incessant,7
,center,7
,detain,7
,endure,6
,custodial,6
,strict,6
,irrelevant,6
,thorough,6
,elicit,6
,suggestive,6
,confine,6
,detention,6
,dialogue,6
,concede,6
,subject,6
,thoughtful,6
,listening,6
,endless,6
,continual,6
,veracity,6
,intensive,6
,subsequent,5
,summarize,5
,problem-solving,5
,discourage,5
,polite,5
,clarify,5
,persist,5
,lawmaker,5
,deposition,5
,ie,5
,exploration,5
,logical,5
,confusion,5
,unexpected,5
,guided,5
,biased,5
,skilled,5
,the,4
,qualification,4
,established,4
,nonstop,4
,objection,4
,interviewer,4
,instructional,4
,validity,4
,part,4
,prior,4
,fold,4
,explicit,4
,preclude,4
,pretrial,4
,encouraging,4
,low-level,4
,accusation,4
,ontological,4
,respectful,4
,interrogator,4
,withering,4
,profound,4
,informal,4
,sustained,4
,evasive,3
,argumentative,3
,invoke,3
,transgender,3
,extreme,3
,in-depth,3
,dialectical,3
,preliminary,3
,withstand,3
,desired,3
,connection,3
,bisexual,3
,implicit,3
,queer,3
,authenticity,3
,editorial,3
,coroner,3
,orthodoxy,3
,higher-level,3
,determinant,3
,confessor,3
,coordinate,3
,overly,3
,hostility,3
,insatiable,3
,precinct,3
,unprecedented,3
,stimulate,3
,detainee,3
,existential,3
,excessive,3
,rejection,3
,forceful,3
,frank,3
,tenacity,3
,demagogic,3
,closed-door,3
,succession,3
,interactive,3
,inevitably,3
,indirect,3
,revision,3
,documentation,3
,comprehension,3
,stricken,2
,dissent,2
,myopic,2
,sufficiently,2
,stare,2
,philosophic,2
,accepted,2
,methodical,2
,moderator,2
,focused,2
,sidestep,2
,allegiance,2
,argumentation,2
,insinuate,2
,impermissible,2
,intrusive,2
,brit,2
,prolong,2
,open-minded,2
,feminism,2
,pathologist,2
,enduring,2
,coercive,2
,incisive,2
,unrestricted,2
,infer,2
,unwelcome,2
,discontent,2
,chuck,2
,mirror,2
,earnest,2
,fiery,2
,amidst,2
,heuristic,2
,rebellious,2
,self,2
,inquisitive,2
,futile,2
,videotape,2
,overrule,2
,patriarchal,2
,playful,2
,iraqi,2
,continuation,2
,rapid-fire,2
,reciprocal,2
,inane,2
,restless,2
,disregard,2
,forensic,2
,fearful,2
,implicate,2
,subside,2
,swift,2
,no-brainer,2
,received,2
,inquisitor,2
,opposing,2
,patriotism,2
,critique,2
,entail,2
,viability,2
,hammer,2
,higher-order,2
,corrective,2
,digging,2
,abrupt,2
,insensitive,2
,uninterrupted,2
,taxonomy,2
,convergent,2
,stimulating,2
,elaborate,2
,exceptionally,2
,suspected,2
,skillful,2
,grueling,2
,intern,2
,resentful,2
,masculinity,2
,interrogative,2
,cross-examination,2
,guiding,2
,subdued,2
,face-to-face,2
,validate,2
,handcuff,2
,lengthy,2
,seldom,2
,longish,2
,in-class,2
,enraged,2
,politely,2
,magistrate,2
,interruption,2
,terminology,2
,rethinking,2
,allude,2
,mentality,2
,contemplation,2
,confiscate,2
,khan,2
,bourgeois,2
,consequent,2
,reference,2
,directed,2
quran,read,102
,holy,95
,verse,75
,hadith,44
,copy,39
,muslim,36
,islam,34
,bible,33
,burn,30
,recite,28
,teach,24
,quran,18
,islamic,16
,translation,16
,recitation,15
,muslim,15
,passage,15
,teaching,14
,quote,14
,chapter,13
,prophet,13
,interpret,13
,interpretation,13
,reveal,13
,state,13
,noble,12
,memorize,12
,mention,11
,sunna,11
,refer,11
,arabic,11
,contain,11
,violence,10
,command,10
,study,9
,burning,9
,tradition,9
,arabic,9
,text,9
,sura,9
,reading,8
,constitution,7
,scholar,7
,forbid,7
,prayer,7
,religion,6
,believer,6
,revelation,6
,scripture,6
,record,6
,contradict,5
,objective,5
,context,5
,encourage,5
,specify,5
,english,5
,guidance,5
,sacred,5
,literal,5
,quote,5
,pray,4
,proof,4
,cylinder,4
,reference,4
,accuse,4
,explicitly,4
,commentary,4
,command,4
,testament,4
,meaning,4
,christian,4
,specifically,4
,chant,4
,exegesis,4
,jihad,4
,regard,4
,root,4
,prohibit,4
,translate,4
,preserve,4
,exact,4
,unlike,4
,saying,4
,peaceful,4
,reportedly,3
,quotation,3
,doom,3
,arab,3
,usury,3
,implement,3
,criticize,3
,militant,3
,strict,3
,entitle,3
,wahhabi,3
,instruct,3
,outlaw,3
,prescribe,3
,above,3
,admonition,3
,assure,3
,desecration,3
,permit,3
,radical,3
,furnish,3
,worship,3
,forth,3
,punishment,3
,emphasize,3
,consistent,3
,homosexuality,3
,sin,3
,obsessed,3
,prohibition,3
,veneration,3
,violent,3
,arrange,3
,preservation,3
,contrast,2
,prophecy,2
,expressly,2
,aforementioned,2
,preacher,2
,eucharist,2
,toilet,2
,faithful,2
,cleric,2
,damning,2
,repeatedly,2
,eternal,2
,supposedly,2
,sharia,2
,stipulate,2
,banner,2
,publicly,2
,denounce,2
,exhort,2
,killing,2
,advocate,2
,consistently,2
,emulate,2
,mandate,2
,stone,2
,non-muslim,2
,related,2
,sophisticated,2
,conform,2
,repel,2
,memorization,2
,equality,2
,thereafter,2
,interpreter,2
,obligation,2
,fry,2
,ceremonial,2
,distort,2
,foresee,2
,depict,2
,reproduce,2
,transaction,2
,stress,2
,gospel,2
,commentator,2
,master,2
,legitimize,2
,reverence,2
,calligraphy,2
,slavery,2
,miniature,2
,firmly,2
,polytheism,2
,crucifixion,2
,destruction,2
,judaism,2
,mechanical,2
,procurement,2
,quietly,2
,categorically,2
,eg,2
,derive,2
,pastor,2
,indictment,2
,forgiving,2
,open-ended,2
,soften,2
,nonsense,2
,proceed,2
,burning,2
,mosque,2
,desecrate,2
,sword,2
,ban,2
,encyclopedia,1
,scriptural,1
,disobedience,1
,terrestrial,1
,addressee,1
,implicitly,1
,weave,1
,hebrew,1
,outright,1
,pamphlet,1
,cross-legged,1
,retrogressive,1
,unbroken,1
,condone,1
,blindfold,1
,starry-eyed,1
,illiterate,1
,transparently,1
,inscription,1
,us-led,1
,butcher,1
,haunch,1
,modernist,1
,bottomless,1
,mishandle,1
,re-education,1
,uniqueness,1
,incriminate,1
,cleanse,1
,overt,1
,piss,1
,oneness,1
,revere,1
,inadvertent,1
,dog-eared,1
,disrespect,1
,moslem,1
,charred,1
,chinese,1
,quranic,1
,swaddle,1
,unequivocally,1
,misogynist,1
,devoutly,1
,forefather,1
,hateful,1
,unadulterated,1
,tutor,1
,pedophilia,1
,philistine,1
,chained,1
,hermeneutic,1
,imperfection,1
,indoctrinate,1
,affirmation,1
,corrupted,1
,permitted,1
,obscurity,1
,crookedness,1
,prostrate,1
,wretched,1
,enjoin,1
,unprovoked,1
,jurist,1
,pilgrimage,1
,menstruate,1
,cumbersome,1
,sanction,1
,inhabited,1
,slay,1
,gramophone,1
,trawl,1
,wherein,1
,copyist,1
,distorted,1
,culprit,1
,retraction,1
,preconception,1
,crossed,1
,reign,1
,haste,1
,fast,1
,uninterrupted,1
,hindu,1
,authenticity,1
,geographically,1
,reassess,1
,authenticated,1
,categorical,1
,stray,1
,taboo,1
,immoral,1
,infallibility,1
,wholeheartedly,1
,nullify,1
,edict,1
,doctrinal,1
,shy,1
,feeding,1
,soothing,1
,divinity,1
,salvage,1
,accuser,1
,superficial,1
,dictation,1
,ransom,1
,revered,1
,bearer,1
queasy,feel,344
,make,261
,a,170
,little,132
,stomach,117
,feeling,71
,bit,43
,feel,17
,slightly,17
,suddenly,15
,thought,10
,autumn,9
,sensation,7
,queasy,6
,guilt,6
,nausea,5
,tired,5
,dizzy,5
,weak,5
,settle,4
,gut,4
,somewhat,4
,nervous,4
,headache,4
,possibility,4
,light-headed,4
,whenever,4
,notion,3
,pounding,3
,acknowledge,3
,blur,3
,sight,3
,overcome,3
,mix,3
,bite,3
,roller,3
,uneasy,3
,tunnel,3
,lurch,3
,sore,3
,horror,3
,ride,3
,wonder,3
,muscle,3
,coaster,3
,investor,3
,cam,3
,nurse,3
,inspire,3
,tummy,3
,dirty,2
,morally,2
,roller-coaster,2
,pit,2
,thrill,2
,pause,2
,recognition,2
,fluorescent,2
,trifle,2
,stench,2
,sweaty,2
,sickness,2
,strain,2
,pink,2
,awful,2
,understandably,2
,mildly,2
,smell,2
,vaguely,2
,comical,2
,exhausted,2
,uncomfortable,2
,airsick,2
,sensitive,2
,classmate,2
,sympathy,2
,hungry,2
,besides,2
,satisfied,2
,nauseous,2
,kiss,2
,lust,2
,tumble,2
,gondola,2
,roll,2
,flying,2
,fascination,2
,glare,2
,voting,2
,groan,2
,strangely,2
,wrist,2
,spell,2
,sink,2
,stunned,2
,weightlessness,2
,long,2
,terror,2
,thrive,2
,fatigue,2
,badly,2
,japanese,2
,puzzled,2
,unreal,1
,muddle,1
,misgiving,1
,nectar,1
,meridian,1
,pull,1
,otherworldliness,1
,navigator,1
,petition,1
,disoriented,1
,raging,1
,futility,1
,subtlety,1
,zero-g,1
,undigested,1
,jab,1
,narrate,1
,anthem,1
,recur,1
,councilman,1
,dribble,1
,fright,1
,stir,1
,convulse,1
,synergy,1
,unspecified,1
,misogynistic,1
,unintentional,1
,hum,1
,squishy,1
,steady,1
,reel,1
,repress,1
,whisky,1
,bookcase,1
,mourning,1
,pimple,1
,conceit,1
,downright,1
,engulf,1
,galley,1
,stock,1
,churn,1
,real-life,1
,rendering,1
,suffering,1
,thrash,1
,inland,1
,heighten,1
,strung-out,1
,exhaustion,1
,tile,1
,knitting,1
,unctuous,1
,heartburn,1
,jolt,1
,wasp,1
,clamp,1
,carsick,1
,dehydrate,1
,setback,1
,stomachache,1
,shred,1
,flick,1
,beset,1
,dazzling,1
,prolonged,1
,corporal,1
,listless,1
,vent,1
,abduction,1
,shout,1
,leftover,1
,sleepy,1
,hairpin,1
,handler,1
,inoculation,1
,wince,1
,amplify,1
,couture,1
,inkling,1
,loathsome,1
,blur,1
,frigate,1
,miniature,1
,vile,1
,ipod,1
,unsettle,1
,stairwell,1
,apprehensive,1
,between,1
,off-balance,1
,motherhood,1
,claw,1
,refreshing,1
,salty,1
,sicken,1
,bridal,1
,eater,1
,distinctly,1
,horrified,1
,wimp,1
,bombardment,1
,nauseate,1
,quaking,1
,emulate,1
,soothe,1
,sickly,1
,oily,1
,perish,1
,orchard,1
,re-entry,1
,foreboding,1
,somnolent,1
,slosh,1
,smoked,1
,gyro,1
,viscera,1
,dread,1
,scenery,1
,intrusive,1
,unmistakable,1
,aftertaste,1
,readjustment,1
,grope,1
,stew,1
,cleanly,1
,distress,1
,rocker,1
,intricate,1
,in,1
,uncomfortably,1
,treason,1
,torso,1
,vertigo,1
,wryly,1
,bowel,1
,amputation,1
,dimly,1
,distorted,1
,insidious,1
,voyeuristic,1
,lever,1
,exquisite,1
,creationist,1
,sweetness,1
,melange,1
,bloodshot,1
,avoidance,1
,monotony,1
,spasm,1
,twinge,1
,wretched,1
,equilibrium,1
,blatant,1
,faintly,1
,unsteady,1
,periodically,1
,railing,1
,raising,1
,retrace,1
,crackers,1
,ethicist,1
,hull,1
,jolt,1
,dirge,1
,pulp,1
,platter,1
,stab,1
,gravitational,1
,superior,1
,taut,1
,jittery,1
,uproar,1
,inebriated,1
,mite,1
,disjointed,1
,prose,1
,rocking,1
,fascinated,1
,gloriously,1
,jeopardy,1
,ache,1
,whiplash,1
,perversely,1
,disorientation,1
,revulsion,1
,gingerly,1
,sucking,1
,troubling,1
,nondescript,1
,conflict,1
,rooted,1
,surly,1
,vomit,1
,boiling,1
,burnout,1
quarterfinal,reach,106
,state,100
,advance,99
,open,54
,lose,50
,class,49
,tournament,37
,big,36
,cup,31
,against,30
,team,30
,division,30
,regional,27
,state,25
,section,23
,before,22
,am,22
,region,20
,league,19
,champion,19
,conference,18
,season,15
,southern,15
,australian,14
,north,14
,east,14
,semifinal,13
,vs,11
,finish,10
,past,10
,french,10
,eliminate,10
,record,10
,coach,9
,since,9
,playoff,9
,beat,9
,victory,8
,winner,8
,score,8
,county,8
,championship,7
,match,7
,quick,7
,western,7
,defeat,7
,senior,7
,central,7
,best,7
,slim,7
,slam,6
,finish,6
,appearance,6
,loss,6
,single,6
,euro,6
,football,6
,advancing,5
,grand,5
,win,5
,round,5
,basketball,5
,valley,5
,athletic,5
,super,4
,indian,4
,match,4
,prep,4
,touchdown,4
,spot,4
,seed,4
,qualify,4
,oust,4
,pm,4
,afternoon,4
,upset,4
,eastern,4
,queen,4
,tech,4
,creek,4
,competition,4
,complete,4
,coach,4
,italian,4
,compete,4
,olympic,4
,german,4
,bow,3
,top-seeded,3
,upset,3
,bulldog,3
,final,3
,defeat,3
,consolation,3
,trophy,3
,temple,3
,parochial,3
,cloud,3
,veteran,3
,southwest,3
,straight,3
,defeated,3
,advance,3
,knock,3
,hockey,3
,swedish,3
,catholic,3
,tennis,3
,consecutive,3
,rematch,2
,well,2
,volleyball,2
,independent,2
,bounce,2
,non-public,2
,snowboard,2
,all-american,2
,berth,2
,bye,2
,homer,2
,northwestern,2
,halfpipe,2
,eventual,2
,penalty,2
,surprisingly,2
,rumor,2
,catholic,2
,major,2
,eagle,2
,respectively,2
,sectional,2
,boxing,2
,contest,2
,diving,2
,clay,2
,indoor,2
,auditorium,2
,robotics,2
,indoors,2
,junior,2
,mater,2
,round,2
,bracket,2
,duke,2
,skyline,2
,soccer,2
,returnee,2
,fifth-seeded,2
,swiss,2
,third-seeded,2
,speed-skating,2
,double,2
,sacred,2
,dutch,2
,cross,2
,beech,1
,whipping,1
,herring,1
,dogma,1
,dove,1
,cougar,1
,archbishop,1
,blunder,1
,overtime,1
,divisional,1
,cedar,1
,imprecise,1
,champion,1
,eight-man,1
,mid-suburban,1
,mitigating,1
,clinch,1
,tally,1
,postponement,1
,isle,1
,matchup,1
,dynamo,1
,cavalier,1
,bologna,1
,forfeit,1
,falter,1
,subdivision,1
,austrian,1
,punt,1
,elk,1
,head-to-head,1
,undefeated,1
,sleepwalk,1
,scissors,1
,bidding,1
,ponderosa,1
,czech,1
,shawnee,1
,big-school,1
,propel,1
,showdown,1
,steamboat,1
,best-seller,1
,argentine,1
,mallard,1
,diving,1
,sixth-seeded,1
,consolidate,1
,dispatch,1
,mustang,1
,amateur,1
,perennial,1
,two-run,1
,honorable,1
,elimination,1
,at-large,1
,moo,1
,wheel,1
,rival,1
,seeding,1
,sabine,1
,incarnate,1
,outdoors,1
,czechoslovak,1
,qualifier,1
,freestyle,1
,spruce,1
,thumping,1
,catapult,1
,fasten,1
,stoic,1
,second-place,1
,innocent,1
,arsenal,1
,game-winner,1
,courier,1
,rainy,1
,rbi,1
,edge,1
,auburn,1
,tenacity,1
,sounder,1
,solar,1
,powerhouse,1
,offseason,1
,riverbank,1
,stony,1
,crest,1
,cherokee,1
,paring,1
,rugby,1
,ace,1
,spaniard,1
,margarita,1
,last-second,1
,semi,1
,swell,1
,trinity,1
,breathtaking,1
,quartet,1
,solidify,1
,gymnasium,1
,clearing,1
,garrison,1
,defending,1
,flip-flopping,1
,flushing,1
,softball,1
,triumph,1
,thriller,1
,outlast,1
,tiebreaker,1
,hull,1
questioner,ask,65
,question,45
,contestant,16
,debate,16
,audience,14
,answer,12
,tough,12
,answer,11
,rate,7
,self,7
,hall,7
,moderator,7
,assume,7
,questioner,6
,persistent,6
,hostile,6
,satisfy,6
,correctly,6
,aggressive,6
,refer,5
,attack,5
,presidential,5
,answerer,5
,select,5
,press,4
,participant,4
,rating,4
,acknowledge,4
,inform,4
,town-hall,4
,refuse,4
,female,4
,microphone,4
,congressional,4
,interested,4
,sharp,4
,superior,4
,active,4
,obviously,4
,pundit,3
,specifically,3
,average,3
,question,3
,live,3
,conservative,3
,estimate,3
,solver,3
,direct,3
,panel,3
,assure,3
,wisdom,3
,curious,3
,morally,3
,demand,3
,frequent,3
,nod,3
,prefer,3
,front,3
,increasingly,3
,carefully,3
,imply,3
,motive,3
,polite,3
,clever,3
,clarify,3
,persist,3
,cleverness,2
,opponent,2
,puerile,2
,silence,2
,conclude,2
,remark,2
,correct,2
,precisely,2
,politely,2
,resonate,2
,sole,2
,self-rating,2
,respondent,2
,formidable,2
,oral,2
,embarrass,2
,elegant,2
,modest,2
,naive,2
,insult,2
,voucher,2
,astute,2
,innocent,2
,watch,2
,unhappy,2
,disagree,2
,solemnly,2
,tale,2
,attribution,2
,response,2
,anonymous,2
,part,2
,tone,2
,punish,2
,intent,2
,undecided,2
,pretend,2
,spar,2
,dismiss,2
,reply,2
,sympathizer,2
,broadcast,2
,forum,2
,confront,2
,scope,2
,advise,2
,occasionally,2
,flatter,2
,the,2
,torture,2
,earnestly,2
,haitian,1
,implied,1
,indexer,1
,tormented,1
,assail,1
,clueless,1
,elude,1
,simplify,1
,sincerely,1
,taunt,1
,wryly,1
,accepted,1
,serial,1
,hatefulness,1
,eye,1
,heart-rending,1
,tad,1
,combative,1
,pharisee,1
,predicament,1
,focused,1
,unmercifully,1
,sharp,1
,trivia,1
,confidential,1
,questioned,1
,probing,1
,put-down,1
,evidence,1
,rapport,1
,veer,1
,vigorous,1
,vindicate,1
,holiness,1
,instinctive,1
,unnamed,1
,tail,1
,onus,1
,sceptic,1
,galore,1
,visionary,1
,visually,1
,conversely,1
,repeat,1
,swat,1
,inconsistency,1
,tireless,1
,wordless,1
,relentlessly,1
,good-for-nothing,1
,skeptic,1
,accused,1
,commie,1
,would-be,1
,rapist,1
,baptism,1
,mundane,1
,ordinarily,1
,outright,1
,gadfly,1
,stride,1
,seeker,1
,misplaced,1
,infer,1
,literate,1
,unremarkable,1
,counter-charge,1
,stewardship,1
,prematurely,1
,warily,1
,unanswered,1
,uncommitted,1
,jolt,1
,chaplain,1
,geek,1
,bash,1
,prayerful,1
,point,1
,affinity,1
,canned,1
,regale,1
,slew,1
,hypothetical,1
,dyspeptic,1
,everyman,1
,showdown,1
,gag,1
,throng,1
,talker,1
,typify,1
,interject,1
,metaphysical,1
,front,1
,step-by-step,1
,deposition,1
,received,1
,mock,1
,collegiate,1
,impaired,1
,hiring,1
,vetting,1
,cut-off,1
,pony,1
,esteem,1
,straight-ahead,1
,sputter,1
,mediate,1
,dismissive,1
,rationalize,1
,movingly,1
,call-in,1
,lash,1
,unleash,1
,anomaly,1
,proxy,1
,tee,1
,confidentiality,1
,dispositional,1
,belittle,1
,liable,1
,coherent,1
,secretive,1
,implicate,1
,televised,1
,litany,1
,erroneous,1
,exasperated,1
,nameless,1
,panelist,1
,diligent,1
,prompt,1
,propriety,1
,horseshoe,1
,impassioned,1
,liberalism,1
,moronic,1
,confer,1
,designated,1
,positioning,1
,delegitimize,1
,real-life,1
,anti-aids,1
,revolutionary,1
,banter,1
,knowledgeable,1
,brigade,1
,puzzled,1
,facilitator,1
,statutory,1
,fore,1
,intended,1
,analyzer,1
,ferocious,1
,debater,1
,indefatigable,1
,invariably,1
,uniformly,1
,dignified,1
,neurotic,1
,denounce,1
,spontaneous,1
,self-rating,1
,dove,1
,rogue,1
,scholarly,1
,libertarian,1
,interlocutor,1
,pro-gay,1
,scientifically,1
,squarely,1
,prod,1
,obsessive,1
,default,1
,incomplete,1
,anti-semitic,1
,back-and-forth,1
,well-intentioned,1
,denier,1
,unusually,1
,commonwealth,1
,comparison,1
,pointed,1
,dislike,1
quintessentially,american,125
,english,21
,human,17
,british,12
,modern,12
,remain,10
,french,10
,experience,10
,japanese,8
,democratic,7
,culture,6
,style,5
,masculine,5
,form,5
,victorian,5
,vision,4
,figure,4
,midwestern,4
,define,4
,narrative,4
,modernist,4
,chinese,4
,quintessentially,4
,subject,4
,postmodern,4
,female,4
,character,4
,encounter,3
,southern,3
,suburban,3
,irish,3
,brand,3
,found,3
,global,3
,associate,3
,environment,3
,genre,3
,mexican,3
,fashion,3
,scene,3
,rural,3
,african,3
,born,3
,artist,3
,ironically,3
,writer,3
,poetic,3
,contemporary,3
,emersonian,2
,legislative,2
,liberal,2
,classical,2
,scientific,2
,uniquely,2
,californian,2
,male,2
,category,2
,judgment,2
,garden,2
,award,2
,regard,2
,icon,2
,spanish,2
,strike,2
,furthermore,2
,canadian,2
,all-american,2
,marketplace,2
,healthy,2
,farmer,2
,cult,2
,turn,2
,anti-semitism,2
,custom,2
,ethical,2
,perceive,2
,hostility,2
,roman,2
,organize,2
,conservative,2
,indian,2
,ancient,2
,resort,2
,italian,2
,capture,2
,russian,2
,hero,2
,solution,2
,function,2
,clintonian,2
,move,2
,towards,2
,middle-class,2
,bell,2
,entity,2
,structure,2
,menu,2
,reflect,2
,explore,2
,fluid,2
,phenomenon,2
,survival,2
,theme,2
,urban,2
,aggrandizement,1
,vocal,1
,arc,1
,sensibility,1
,extravagance,1
,disregard,1
,culturally,1
,collector,1
,fare,1
,singer/songwriter,1
,sweeping,1
,aside,1
,hail,1
,highbrow,1
,reflex,1
,statistic,1
,hawaiian,1
,vodka,1
,apprehension,1
,maroon,1
,variability,1
,venetian,1
,ironic,1
,atlas,1
,newsmagazine,1
,dine,1
,revolver,1
,saga,1
,alaskan,1
,texan,1
,manifest,1
,broker,1
,founding,1
,familial,1
,thoroughly,1
,vindaloo,1
,analyse,1
,anti-smoking,1
,merit,1
,australian,1
,austrian,1
,banker,1
,biography,1
,ping,1
,concierge,1
,partisanship,1
,generosity,1
,apprehend,1
,typeface,1
,dadaist,1
,elegant,1
,beneficiary,1
,birch,1
,whaler,1
,bourgeois,1
,avidly,1
,part,1
,ontological,1
,redemption,1
,rear,1
,row,1
,guerrilla,1
,strangely,1
,hopper,1
,gleaming,1
,hustler,1
,lettuce,1
,anglo-american,1
,profoundly,1
,stepmother,1
,evolutionarily,1
,heartland,1
,unparalleled,1
,partisan,1
,charm,1
,polished,1
,positively,1
,gallic,1
,slippery,1
,hapless,1
,thematic,1
,x-ray,1
,landmark,1
,goat,1
,exoticism,1
,sneakers,1
,rodeo,1
,rumple,1
,amid,1
,ache,1
,motherhood,1
,optimistic,1
,outlier,1
,castanet,1
,creed,1
,embolden,1
,morbidity,1
,composer,1
,celtic,1
,icy,1
,vapid,1
,upstream,1
,self-confidence,1
,glamor,1
,mm,1
,pejorative,1
,carnival,1
,optimism,1
,corrupt,1
,analytically,1
,coastal,1
,comparative,1
,chaotic,1
,predilection,1
,discipline,1
,draconian,1
,deli,1
,smallish,1
,socially,1
,gentleness,1
,anglo,1
,ad-hoc,1
,additionally,1
,leisure,1
,afterward,1
,algerian,1
,methodism,1
,cocktail,1
,paleontology,1
,otherness,1
,sphere,1
,seasoned,1
,slavic,1
,attire,1
,quartet,1
,unclassifiable,1
,unfashionable,1
,inspired,1
,structure,1
,subjective,1
,magical,1
,hobbesian,1
,thirst,1
,hedonistic,1
,working-class,1
,polish,1
,postmodernist,1
,procreation,1
,doom,1
,satisfying,1
,serial,1
,keen,1
,impulse,1
,par,1
,boast,1
,navaho,1
,cash,1
,rebellious,1
,delighted,1
,soul-crushing,1
,span,1
,faithfulness,1
,kiwi,1
,latino,1
,painter,1
,caribbean,1
,pragmatism,1
,transcendence,1
,hotdog,1
,kidnap,1
,irresistible,1
,itinerant,1
,middle-aged,1
,mildly,1
,lyrical,1
,pakistani,1
,cosmopolitan,1
,prose,1
,spatially,1
,lethally,1
,jewish-american,1
,avoidance,1
,periphery,1
,dislike,1
,kink,1
,universalize,1
,raincoat,1
,concession,1
,photogenic,1
,ornate,1
,demeanor,1
,entangle,1
,aspiration,1
,fiduciary,1
,sentimental,1
,majesty,1
quake,aspen,54
,boot,38
,fear,23
,earth,18
,body,15
,tremble,13
,ground,11
,voice,9
,leg,8
,bog,7
,knee,7
,rage,7
,mountain,6
,mind,6
,leaf,6
,shake,6
,shadow,5
,grove,5
,bed,5
,limb,5
,arm,5
,inside,5
,pine,5
,stand,4
,thought,4
,beneath,4
,foundation,4
,path,4
,mile,4
,chest,4
,wall,4
,sun,3
,birch,3
,swamp,3
,shiver,3
,entire,3
,maximum,3
,oak,3
,green,3
,west,3
,grass,3
,prospect,3
,meadow,3
,shoe,3
,slate,3
,tree,3
,spruce,3
,campground,3
,rock,3
,pudding,3
,rumble,2
,mass,2
,shudder,2
,pool,2
,gold,2
,shoulder,2
,shaking,2
,inside,2
,belly,2
,sob,2
,tall,2
,bottom,2
,silent,2
,duck,2
,sugar,2
,smelly,2
,breeze,2
,ill,2
,twitch,2
,neither,2
,cottonwood,2
,elder,2
,behold,2
,jelly,2
,barely,2
,gaze,2
,volcano,2
,heat,2
,thigh,2
,restraint,2
,stare,2
,whisper,2
,impervious,2
,visibly,2
,apart,2
,beg,2
,shock,2
,soul,2
,maple,2
,wind,2
,flesh,2
,suddenly,2
,thunder,2
,gentle,2
,fever,2
,mud,2
,terror,2
,critic,2
,stomach,2
,breath,2
,proclaim,1
,rattlesnake,1
,fury,1
,downstream,1
,long,1
,inwardly,1
,utterly,1
,black-haired,1
,percussion,1
,chat,1
,loafer,1
,clasp,1
,flimsy,1
,enthusiasm,1
,spit,1
,splat,1
,sequin,1
,glow,1
,goatherd,1
,timeline,1
,violently,1
,dice,1
,replay,1
,squishy,1
,scant,1
,sun-dappled,1
,breathing,1
,cabbage,1
,clinging,1
,pin,1
,register,1
,scolding,1
,tablecloth,1
,tundra,1
,veil,1
,messenger,1
,bracket,1
,clothe,1
,corridor,1
,mummy,1
,greeting,1
,footman,1
,seminole,1
,den,1
,coyote,1
,involuntary,1
,moderate,1
,bubble,1
,bamboo,1
,almighty,1
,pup,1
,shepherd,1
,biceps,1
,cringe,1
,quiver,1
,giggle,1
,raucous,1
,sensation,1
,legislator,1
,anxious,1
,napkin,1
,anticipation,1
,groan,1
,seethe,1
,sloshed,1
,jumpsuit,1
,internally,1
,marshy,1
,bud,1
,poplar,1
,ruff,1
,eternity,1
,cedar,1
,contraction,1
,disdain,1
,russian,1
,eyeglass,1
,spite,1
,bass,1
,silicon,1
,dense,1
,fissured,1
,wireless,1
,booty,1
,brook,1
,shopkeeper,1
,quota,1
,listener,1
,mournful,1
,smack,1
,snow-capped,1
,imperceptible,1
,townspeople,1
,interrogation,1
,madness,1
,constellation,1
,quagmire,1
,regenerated,1
,riff,1
,spineless,1
,skate,1
,hiss,1
,hillock,1
,cleat,1
,darken,1
,lodgepole,1
,candlelight,1
,quake,1
,roar,1
,contemptuously,1
,stylish,1
,jitters,1
,single-purpose,1
,swoon,1
,halt,1
,banister,1
,cherry,1
,pant,1
,checkbook,1
,flowing,1
,terrain,1
,swath,1
,bundle,1
,ruffle,1
,squirrel,1
,grief,1
,exultant,1
,forgiveness,1
,bearing,1
,watery,1
,tin,1
,narrow,1
,reassurance,1
,envy,1
,jolt,1
,heath,1
,likeness,1
,wrath,1
,fuelwood,1
,caffeine,1
,clap,1
,alpine,1
,bare,1
,bathe,1
,heave,1
,sundry,1
,frightfully,1
,slim,1
,glimpse,1
,hiccup,1
,automaker,1
,beggar,1
,flex,1
,stillness,1
,thundering,1
,submissive,1
,shiver,1
,pouring,1
,rally,1
,rattle,1
,round,1
,sanctuary,1
,synth,1
,yes-man,1
,hundred-plus,1
,handlebar,1
,oft,1
,oiled,1
,furiously,1
,ingeniously,1
,ingratitude,1
,worn,1
,thread,1
,innards,1
,blonde,1
,braided,1
,burr,1
,click,1
,rapper,1
,competing,1
,sac,1
,equator,1
,spice,1
,silently,1
,kuwaiti,1
,membranous,1
,cannon,1
,periphery,1
,ensue,1
,waving,1
,sassafras,1
,lout,1
,bowel,1
,warehouse,1
,weaken,1
,bulge,1
,robber,1
,flickering,1
,splash,1
,funk,1
quadrennial,review,103
,defense,68
,diplomacy,30
,development,30
,presidential,12
,election,10
,congress,9
,department,9
,debate,8
,exercise,8
,political,8
,convention,7
,conference,7
,national,6
,sport,6
,physics,6
,event,6
,report,5
,budget,4
,campaign,4
,ritual,4
,security,4
,gathering,4
,survey,4
,launch,4
,festival,3
,function,3
,sponsorship,3
,complete,3
,championship,3
,technology,3
,republican,3
,international,3
,assessment,3
,article,3
,battle,3
,olympics,3
,host,3
,recently,3
,basis,3
,past,3
,cup,3
,current,2
,currently,2
,comprehensive,2
,poll,2
,reform,2
,representative,2
,finding,2
,survive,2
,ritual,2
,council,2
,hazard,2
,draft,2
,strategy,2
,thus,2
,contest,2
,race,2
,century,2
,general,2
,attitude,2
,stick,2
,top,2
,inauguration,2
,rather,2
,conclude,2
,democracy,2
,departmental,2
,propose,2
,engage,2
,carnival,2
,cycle,2
,annual,2
,sponsor,2
,issue,2
,olympic,2
,bode,1
,publicity,1
,arbitrary,1
,methodist,1
,foolish,1
,sculpture,1
,manifesto,1
,assassination,1
,publicly,1
,deployment,1
,shifting,1
,sacred,1
,charade,1
,presidency,1
,infomercial,1
,renewal,1
,excerpt,1
,italian,1
,rot,1
,entitlement,1
,mandate,1
,olympiad,1
,sponsor,1
,fleet,1
,guessing,1
,non-government,1
,planetary,1
,deception,1
,schadenfreude,1
,eager,1
,gambling,1
,function,1
,sand,1
,blueprint,1
,enthusiasm,1
,four-year,1
,archive,1
,negativity,1
,one-day,1
,preoccupation,1
,delegate,1
,suburban,1
,improving,1
,convene,1
,now-deceased,1
,commonly,1
,gala,1
,timetable,1
,lead-off,1
,matchup,1
,authoritative,1
,choosing,1
,plunge,1
,moderate,1
,exit,1
,fly,1
,traitor,1
,headlong,1
,conventional,1
,primary,1
,discreetly,1
,stall,1
,public-health,1
,reinforce,1
,soccer,1
,ie,1
,designate,1
,pre-eminent,1
,promotion,1
,ethanol,1
,guidance,1
,upcoming,1
,insulate,1
,renaissance,1
,staple,1
,fed,1
,thereafter,1
,inaugural,1
,homestretch,1
,steadily,1
,remarkable,1
,sampling,1
,maximize,1
,well-regarded,1
,wow,1
,strategic,1
,tumult,1
,fame,1
,marathon,1
,diversion,1
,auburn,1
,posturing,1
,sacrifice,1
,furiously,1
,spectacle,1
,model,1
,battleground,1
,crown,1
,compensation,1
,considering,1
,contingency,1
,electoral,1
,conversely,1
,rejoinder,1
,exclamation,1
,slander,1
,assemble,1
,meet,1
,celebration,1
,nebula,1
,diver,1
,excluding,1
,ski,1
,navigation,1
,censored,1
,leap,1
,extravaganza,1
,slate,1
,athletic,1
,circus,1
,picnic,1
,provoke,1
,steer,1
,mayoral,1
,up,1
,advisory,1
,outgrowth,1
,excess,1
,seasonal,1
,bloodletting,1
,counterinsurgency,1
,geographical,1
,doll-like,1
,breakdown,1
,congressionally,1
,defence,1
,parade,1
,predictably,1
,drubbing,1
,secretary-general,1
,align,1
,ending,1
,gymnastics,1
,homeland,1
,amount,1
quadrangle,across,15
,campus,9
,group,9
,around,8
,love,8
,university,8
,main,7
,grassy,6
,dormitory,5
,center,5
,survey,4
,college,4
,building,4
,edge,4
,cross,4
,front,4
,surround,4
,south,4
,hall,4
,round,4
,label,3
,toward,3
,build,3
,triangle,3
,outside,3
,statue,3
,stone,3
,gate,3
,institute,3
,geological,3
,historic,3
,sandstone,3
,memorial,3
,snow,3
,random,2
,science,2
,shadow,2
,courtyard,2
,affiliate,2
,officer,2
,overlook,2
,grass,2
,lay,2
,tower,2
,map,2
,eastern,2
,march,2
,half,2
,line,2
,roof,2
,concrete,2
,outside,2
,measure,2
,geometrically,2
,ceremony,2
,bare,2
,instead,2
,ground,2
,garden,2
,name,2
,onto,2
,series,2
,flat,2
,scatter,2
,fountain,2
,lie,2
,roughly,2
,tree,2
,dining,2
,central,2
,slowly,2
,circle,2
,beneath,2
,west,2
,cream,2
,lawn,2
,past,2
,form,2
,below,2
,investment,2
,affirmation,1
,neatly,1
,periodic,1
,quaint,1
,generating,1
,successor,1
,surprise,1
,chevron,1
,plant,1
,cone,1
,randomly,1
,exquisite,1
,goddess,1
,teak,1
,four-story,1
,secluded,1
,sphere,1
,amiably,1
,archway,1
,depleted,1
,edge,1
,residence,1
,enclose,1
,script,1
,forum,1
,imposing,1
,vicinity,1
,whirl,1
,zero,1
,halfway,1
,center,1
,contour,1
,reportedly,1
,circular,1
,carved,1
,coordinate,1
,flank,1
,hectare,1
,luxurious,1
,swoosh,1
,vertex,1
,pupil,1
,spray,1
,lighting,1
,picnic,1
,dusty,1
,decorate,1
,sawmill,1
,sparsely,1
,hurry,1
,adobe,1
,hike,1
,symmetrically,1
,leafy,1
,walled,1
,neo-gothic,1
,bench,1
,cafeteria,1
,northeast,1
,place,1
,rectangle,1
,elaborate,1
,tennis,1
,cellar,1
,framing,1
,imitate,1
,reshape,1
,three-story,1
,snip,1
,ritualized,1
,dorm,1
,gauntlet,1
,deposit,1
,squeeze,1
,gigantic,1
,maximum,1
,restored,1
,stacked,1
,hut,1
,appropriate,1
,atrium,1
,carrel,1
,thunder,1
,sweeping,1
,insignificant,1
,bisect,1
,tile,1
,pristine,1
,hymn,1
,liar,1
,nameless,1
,plantation,1
,residential,1
,explosion,1
,gravely,1
,abstract,1
,landscaped,1
,lap,1
,barren,1
,collegiate,1
,pepper,1
,graduation,1
,duke,1
,fringe,1
,southeast,1
,architect,1
,aerial,1
,coyote,1
,signify,1
,adorn,1
,tuba,1
,unsuccessfully,1
,architecture,1
,stroll,1
,ideal,1
,adjacent,1
,whine,1
,drip,1
,picturesque,1
,carve,1
,respectively,1
,white-haired,1
,athenian,1
,specify,1
,litter,1
,rope,1
,stately,1
,blanket,1
,beloved,1
,cold,1
,geometric,1
,georgian,1
,trespass,1
,windswept,1
,drumming,1
,romantic,1
,snapshot,1
,tightening,1
,initiate,1
,resistant,1
,schematic,1
,ultimate,1
,secrecy,1
,magnified,1
,majestic,1
,malformed,1
,butte,1
,deserted,1
,determined,1
,soaring,1
,willow,1
,nunnery,1
,quavering,1
,streetlamp,1
,battle,1
,northward,1
,blooming,1
,communal,1
,quaternary,1
,regal,1
,sketch,1
,terrorize,1
,infrared,1
,mantle,1
,consortium,1
,quietly,1
,desert,1
,self-contained,1
,spin-off,1
,icy,1
,vanish,1
,topographic,1
,labyrinth,1
,deadman,1
,drift,1
,south-central,1
,lean,1
,poplar,1
,diamond,1
,encompass,1
,rosary,1
,executioner,1
,argyle,1
,stride,1
,tan,1
,asian,1
,balcony,1
,walled-off,1
,verdant,1
,north-central,1
,cloistered,1
queen-size,bed,135
,mattress,19
,berth,18
,room,14
,bedroom,9
,master,6
,feature,6
,forward,6
,sheet,6
,island,5
,include,5
,set,5
,cost,5
,headboard,5
,side,4
,fit,4
,full,4
,duvet,4
,stateroom,4
,cabin,3
,suite,3
,sleep,3
,king,3
,unit,3
,lay,3
,single,3
,sleeper,3
,lie,3
,surround,3
,aft,2
,photograph,2
,left,2
,red,2
,available,2
,wear,2
,onto,2
,complete,2
,face,2
,canopy,2
,wide,2
,quilt,2
,guest,2
,double,2
,sleigh,2
,double,2
,shower,2
,futon,2
,ceiling,2
,standard,2
,custom,2
,pullout,2
,fireplace,2
,feather,2
,next,2
,sofa,2
,box,2
,spring,2
,blanket,2
,storage,2
,locker,2
,cover,2
,dresser,2
,couch,2
,dial,1
,foreground,1
,spacious,1
,slipcover,1
,quietly,1
,cedar,1
,flip,1
,accommodate,1
,identical,1
,bow,1
,bunk,1
,optional,1
,drape,1
,magnificent,1
,bath,1
,compartment,1
,waterfall,1
,blind,1
,modem,1
,angle,1
,breadth,1
,lonesome,1
,junior,1
,spoon,1
,expectant,1
,lodge,1
,wedge,1
,occupy,1
,bedspread,1
,cushion,1
,plush,1
,comforter,1
,twin,1
,subsequently,1
,label,1
,king-size,1
,privacy,1
,deck,1
,recruit,1
,orange,1
,tacky,1
,sideways,1
,unmade,1
,waffle,1
,walnut,1
,salvadoran,1
,awaken,1
,neatly,1
,sateen,1
,tent,1
,mallard,1
,chat,1
,specification,1
,interior,1
,litter,1
,safari,1
,incomprehension,1
,upstairs,1
,vip,1
,canary-yellow,1
,poster,1
,electric,1
,antique,1
,cabinet,1
,pantyhose,1
,proposition,1
,recline,1
,four-poster,1
,starboard,1
,dust,1
,furnish,1
,velvet,1
,sleeve,1
,gangbanger,1
,wipe,1
,mall,1
,sink,1
,tub,1
,nestle,1
,caved-in,1
,convert,1
,filler,1
,willow,1
,weigh,1
,pedestal,1
,filing,1
,fleck,1
,top,1
,yawn,1
,sparse,1
,reversible,1
,drawer,1
,forward,1
,attacker,1
,patio,1
,galley,1
,air-conditioning,1
,cab,1
,pillowcase,1
,ebony,1
,stained,1
,starting,1
,similarly,1
,grave,1
,squeeze,1
,ample,1
,kitchenette,1
,upgrade,1
,awake,1
,boast,1
,camper,1
,tuck,1
,leopard,1
,full-length,1
,mirror,1
,bounce,1
,pad,1
,cherry,1
,fighting,1
,proportionately,1
,ruffle,1
,full-size,1
,vanity,1
,asleep,1
,rod,1
,firm,1
,bureau,1
,platter,1
,dominate,1
,dining-room,1
,hefty,1
,stuffy,1
,leather,1
quaternary,ammonium,23
,compound,12
,science,10
,deposit,9
,period,9
,research,8
,late,7
,tertiary,5
,during,5
,ion,5
,glaciation,5
,journal,4
,age,4
,alcohol,4
,geology,4
,earth,4
,ammonia,4
,record,4
,column,3
,alloy,3
,effective,3
,review,3
,international,3
,chlorine,3
,operation,3
,system,3
,climate,3
,extinction,3
,study,3
,generally,2
,human,2
,university,2
,indicate,2
,northern,2
,care,2
,pattern,2
,formation,2
,cave,2
,review,2
,planet,2
,ice,2
,follow,2
,event,2
,quaternary,2
,contain,2
,fan,2
,sediment,2
,arctic,2
,species,2
,mode,2
,insight,2
,mainly,2
,phase,2
,dynamics,2
,geological,2
,bleach,2
,such,2
,history,2
,instead,2
,cognition,2
,choose,2
,variability,2
,union,2
,modify,2
,protein,2
,prehistoric,2
,distant,1
,residual,1
,sufficient,1
,lesion,1
,lastly,1
,feeder,1
,prior,1
,dna,1
,implication,1
,whole,1
,geomagnetic,1
,symmetry,1
,tolerate,1
,disinfection,1
,qualify,1
,scientific,1
,concentration,1
,chloride,1
,peroxide,1
,sum,1
,sputtering,1
,measurable,1
,fluvial,1
,sodium,1
,date,1
,catchment,1
,alluvial,1
,coast,1
,progression,1
,appropriate,1
,resistant,1
,eastern,1
,paleontological,1
,curator,1
,founder,1
,abstract,1
,cycle,1
,geologic,1
,chemical,1
,program,1
,hypochlorite,1
,sleeping,1
,inherently,1
,laboratory,1
,roadside,1
,megafauna,1
,glacial,1
,zoology,1
,vertebrate,1
,sector,1
,instability,1
,stability,1
,unsettled,1
,cleaner,1
,specimen,1
,interpretation,1
,blast,1
,processor,1
,quadrangle,1
,geomorphology,1
,evolution,1
,terrestrial,1
,transmission,1
,thickness,1
,assess,1
,bridge,1
,dusty,1
,gravelly,1
,geography,1
,tetrapod,1
,cleaning,1
,publication,1
,dawn,1
,extent,1
,construction,1
,extremely,1
,standard,1
,sensitive,1
,active,1
,locality,1
,disinfectant,1
,genetic,1
,slab,1
,legacy,1
,mammal,1
,documentation,1
,geologist,1
,definitive,1
,southwestern,1
,then,1
,terrace,1
,melt,1
,taiga,1
,limestone,1
,metal,1
,familiar,1
,hypothesis,1
,adaptive,1
,mantle,1
,origin,1
,loess,1
,perch,1
,clinical,1
,consist,1
,regulation,1
,sanitizer,1
,imprint,1
,prehistory,1
,volcanic,1
,fossil,1
quasiparticle,excitation,8
,state,7
,phase,5
,electron,5
,braid,5
,collective,5
,quantum,5
,topological,5
,triplet,4
,read,4
,number,4
,around,4
,excited,3
,particle,3
,consist,3
,spectrum,3
,individual,3
,frequency,2
,form,2
,enclosed,2
,flow,2
,pair,2
,central,2
,degeneracy,2
,type,2
,fractionally,2
,behavior,2
,charge,2
,wavefunction,2
,odd,2
,move,2
,state,2
,mode,2
,collective,2
,figure,2
,provide,2
,concept,2
,path,2
,pattern,1
,thermally,1
,oscillation,1
,boson,1
,omega,1
,horse,1
,propose,1
,exotic,1
,observe,1
,formation,1
,manipulate,1
,host,1
,ordinary,1
,simplify,1
,circulate,1
,induce,1
,associate,1
,scalar,1
,integer,1
,bizarre,1
,depend,1
,stable,1
,zone,1
,obey,1
,normal,1
,component,1
,detect,1
,future,1
,chiral,1
,phonon,1
,particular,1
,flux,1
,wind,1
,added,1
,burst,1
,perspective,1
,current,1
,shared,1
,optical,1
,conventional,1
,heavy,1
,drastically,1
,impression,1
,methane,1
,arrow,1
,correspond,1
,demonstrate,1
,gap,1
,circulating,1
,superconducting,1
,inside,1
,nonetheless,1
,interference,1
,edge,1
,solve,1
,measurement,1
,block,1
,massive,1
,influence,1
,determination,1
,surroundings,1
,lack,1
,existence,1
,possess,1
,vacuum,1
,computing,1
,precede,1
quintuple,bypass,33
,surgery,14
,after,5
,heart,5
,operation,5
,undergo,4
,bogey,3
,early,3
,meter,2
,homicide,2
,almost,2
,triple,2
,double,2
,pair,2
,recover,2
,complicated,2
,survive,2
,category,2
,bigamy,2
,mutant,2
,nevertheless,1
,genotype,1
,eve,1
,familiar,1
,abuse,1
,reportedly,1
,genetic,1
,fried,1
,macchiato,1
,swollen,1
,successfully,1
,lord,1
,overhead,1
,plus,1
,dietary,1
,six-year-old,1
,stock,1
,cable,1
,pot,1
,digit,1
,quadruple,1
,spare,1
,batch,1
,commercial,1
,dwarf,1
,surfer,1
,deep,1
,disparity,1
,ill,1
,exhaust,1
,observe,1
,portion,1
,incarcerate,1
,jewish,1
,pebble,1
,burger,1
,midsection,1
,cholesterol,1
,procedure,1
,reversible,1
,archive,1
,finance,1
,shooting,1
,melting,1
,capable,1
,whammy,1
,bombing,1
,snowman,1
,watercraft,1
,accuse,1
,convict,1
,feature,1
,exposure,1
,no-brainer,1
,emergency,1
,isolate,1
,first-ever,1
,subplot,1
,filter,1
,jump,1
quarantined,area,16
,ship,6
,zone,4
,patient,3
,pest,2
,well,2
,inside,2
,hundred,2
,list,2
,dead,2
,hospital,2
,plague,2
,payment,2
,compound,2
,vessel,2
,virus,2
,apple,1
,algerian,1
,live,1
,reminiscent,1
,top,1
,potential,1
,imprisonment,1
,belly,1
,portion,1
,prisoner,1
,nut,1
,initially,1
,lure,1
,wood,1
,plant,1
,store,1
,merchant,1
,draconian,1
,vicious,1
,complete,1
,insect,1
,user,1
,oyster,1
,approach,1
,brute,1
,synthesize,1
,zombie,1
,boundary,1
,aside,1
,cattle,1
,destruction,1
,leprosy,1
,plane,1
,four-foot,1
,originate,1
,surround,1
,sanctuary,1
,investigation,1
,volume,1
,edge,1
,bubonic,1
,suit,1
,homestead,1
,log,1
,facility,1
,ease,1
,hive,1
,vast,1
,protective,1
,review,1
,positive,1
,collection,1
,sector,1
,priority,1
,move,1
,citrus,1
,outer,1
,disease-free,1
,lament,1
,re,1
,divert,1
,spread,1
,appalachian,1
,megacity,1
,nurse,1
,major,1
,mask,1
,adjacent,1
,dose,1
,precise,1
,five-year,1
,ward,1
,immunization,1
,array,1
,infect,1
,wide,1
,wilderness,1
,reside,1
,ash,1
,access,1
,long-range,1
,crew,1
,ranch,1
,designated,1
,responsibility,1
,fight,1
quickened,pace,12
,heartbeat,6
,heart,5
,pulse,5
,breathing,3
,feel,3
,breath,2
,shape,2
,current,2
,proceed,2
,between,2
,occasion,2
,growth,2
,rhythm,2
,activity,2
,intelligence,2
,blood,2
,step,2
,metabolism,1
,version,1
,onset,1
,optimism,1
,daily,1
,induce,1
,bow,1
,cityscape,1
,customer,1
,past,1
,soar,1
,glitch,1
,lock,1
,morph,1
,flow,1
,crescent,1
,gauge,1
,album,1
,hill,1
,comfort,1
,sculpt,1
,visitor,1
,obvious,1
,redeployment,1
,burn,1
,dictate,1
,bee,1
,volume,1
,stride,1
,mimic,1
,pace,1
,considerably,1
,opt,1
,threat,1
,lung,1
,breast,1
,cadence,1
,sweaty,1
,way,1
,wind,1
,coal,1
,beat,1
,metaphysical,1
,wine,1
,panel,1
,exponential,1
,drag,1
,rage,1
,awareness,1
,other,1
,throb,1
,exchange,1
,heightened,1
,experimentation,1
,straight,1
,chill,1
,register,1
,gasp,1
,transition,1
,thrill,1
,vision,1
,eagle,1
,own,1
,connection,1
,spirit,1
,ahead,1
,dream,1
,spill,1
,trace,1
,intensified,1
,tune,1
,contemporary,1
,diagnosis,1
,strive,1
,chime,1
,outgrowth,1
,cultural,1
,shallow,1
,steam,1
,improvement,1
,accompany,1
,bum,1
,collective,1
,regular,1
,display,1
,path,1
,sharp,1
,startle,1
,urgency,1
,tempo,1
,irritation,1
,soul,1
,steeply,1
,stride,1
,gush,1
queenly,woman,5
,air,3
,voice,3
,dignity,3
,queenly,2
,hair,2
,mien,2
,arm,2
,serene,2
,distance,2
,sit,2
,indifference,2
,always,2
,worth,2
,scaffolding,2
,strapless,1
,assume,1
,detail,1
,robe,1
,drawing,1
,wheelchair,1
,gown,1
,girlish,1
,goat,1
,smiling,1
,infidelity,1
,long,1
,writing,1
,motherly,1
,ruler,1
,extravagant,1
,swell,1
,voluminous,1
,efficiency,1
,strike,1
,will,1
,cute,1
,steadiness,1
,spite,1
,skin,1
,heel,1
,bored,1
,dress,1
,independent,1
,artful,1
,stand,1
,horse,1
,nose,1
,power-play,1
,caftan,1
,statuesque,1
,composed,1
,pampering,1
,positively,1
,foremost,1
,beneath,1
,pose,1
,indeed,1
,wave,1
,yesterday,1
,clutch,1
,coffee,1
,velvet,1
,narrow,1
,blend,1
,disdainful,1
,straight,1
,mischief,1
,stern,1
,hairstyle,1
,noble,1
,row,1
,temperament,1
,promo,1
,desk,1
,exquisitely,1
,guest,1
,intrigue,1
,kingly,1
,presence,1
,regal,1
,selfishness,1
,female,1
,proximity,1
,qualify,1
,superbly,1
,beauty,1
,torment,1
,candle,1
,calm,1
,dignified,1
,seemingly,1
,shaded,1
,corset,1
,grace,1
,suppose,1
,resolve,1
,dispel,1
,custom,1
,favor,1
,six-figure,1
,taste,1
,breast,1
,creature,1
,bubbling,1
,income,1
,assistant,1
,purple,1
,slightly,1
,pot,1
,holy,1
,imperious,1
,palm,1
quarter-size,fresh,11
,ginger,10
,slice,8
,into,4
,blob,4
,dollop,4
,hole,3
,area,3
,small,2
,show,2
,show,2
,dimple,2
,bite,2
,damp,2
,round,2
,rub,2
,piece,2
,place,1
,cheap,1
,pleasure,1
,chew,1
,chili,1
,chunk,1
,cinnamon,1
,clot,1
,clove,1
,coin,1
,paste,1
,pecan,1
,peel,1
,pendant,1
,pepper,1
,contain,1
,potentially,1
,curry,1
,damaging,1
,blossom,1
,boat,1
,bow,1
,caged,1
,camera,1
,canal,1
,paint,1
,compact,1
,compositional,1
,conditioner,1
,maki,1
,masonry,1
,above,1
,addition,1
,addition,1
,adhesive,1
,loose,1
,lurk,1
,aluminum,1
,ant,1
,mild,1
,mirror,1
,biscuit,1
,sand,1
,sauce,1
,scalp,1
,scoop,1
,g-spot,1
,gash,1
,sorbet,1
,sore,1
,soy,1
,spike,1
,fish,1
,flash,1
,flesh,1
,fold,1
,shampoo,1
,shampoo,1
,shattering,1
,shirt,1
,puddle,1
,purchase,1
,purpose,1
,radio,1
,ravaged,1
,ring,1
,diminutive,1
,broadcast,1
,nipple,1
,beckon,1
,notice,1
,replica,1
,distribute,1
,dot,1
,dribble,1
,fashion,1
,shrapnel,1
,skin,1
,granule,1
,squeeze,1
,stalk,1
,stew,1
,stick,1
,extender,1
,section,1
,forehead,1
,format,1
,free-standing,1
,smooth,1
,supersensitive,1
,swell,1
,glob,1
,thinly,1
,slice,1
,wound,1
,left,1
,welt,1
,wind,1
,tequila,1
,lemongrass,1
,zone,1
,implant,1
,underneath,1
,underside,1
,usually,1
,vaginal,1
,transmitter,1
,hail,1
,half-size,1
,twirl,1
,knife,1
,warn,1
