xylitol,use,22
,gum,17
,use,15
,product,14
,sugar,14
,child,12
,prevent,9
,prevention,9
,administer,8
,knowledge,8
,contain,8
,chew,8
,parent,8
,ear,8
,program,7
,infection,7
,nasal,7
,natural,7
,sweetener,7
,show,7
,comply,6
,regimen,6
,dosage,6
,benefit,6
,study,5
,sweeten,5
,mint,5
,vehicle,4
,include,4
,sorbitol,4
,dog,4
,reduce,4
,xylitol,4
,prior,4
,danger,4
,poisoning,3
,unaware,3
,aware,3
,stevia,3
,amount,3
,well,3
,consider,3
,wash,3
,property,3
,likely,3
,necessary,3
,help,3
,previous,3
,solution,3
,insulin,3
,suck,3
,potential,3
,effect,3
,food,3
,however,3
,pure,2
,patient,2
,sweetened,2
,substance,2
,substitute,2
,alcohol,2
,density,2
,dentist,2
,crystal,2
,fluoride,2
,discover,2
,viable,2
,advise,2
,tree,2
,willingness,2
,approve,2
,bone,2
,spray,2
,website,2
,appropriate,2
,willing,2
,chewing,2
,sugarless,2
,via,2
,effective,2
,dental,2
,tooth,2
,effectiveness,2
,ferment,2
,protocol,2
,pacifier,2
,chewing,2
,less,2
,economically,2
,used,2
,birch,2
,finnish,2
,middle,2
,available,2
,risk,2
,sugar-free,2
,scientist,2
,regarding,2
,recommend,2
,dangerous,2
,breath,2
,suggest,2
,involve,2
,alkaline,1
,derive,1
,spoonful,1
,spectacular,1
,knowledgeable,1
,incorrect,1
,absorb,1
,acid,1
,regiment,1
,inhibit,1
,ingredient,1
,brownie,1
,cavity,1
,continued,1
,corn,1
,weigh,1
,mildly,1
,this,1
,coconut,1
,consumption,1
,gum,1
,additive,1
,enthusiastically,1
,exciting,1
,maple,1
,plaque,1
,enamel,1
,syrup,1
,mannitol,1
,molecular,1
,antibacterial,1
,immune,1
,unwilling,1
,widespread,1
,chemist,1
,reap,1
,unappreciated,1
,manufacturer,1
,chemical,1
,rate,1
,verdict,1
,multiply,1
,naturally,1
,modest,1
,metabolism,1
,artificial,1
,audiologist,1
,educate,1
,vitamin,1
,oral,1
,candy,1
,poison,1
,specify,1
,drop,1
,triclosan,1
,fiber,1
,protective,1
,hormonal,1
,initiate,1
,destructive,1
,orbit,1
,anti-aging,1
,long-lasting,1
,neutralize,1
,speculate,1
,incur,1
,range,1
,eg,1
,similarity,1
,caries,1
,opt,1
,differently,1
,commercially,1
,finn,1
,age-appropriate,1
,mouthwash,1
,numerous,1
,saliva,1
,limitation,1
,calcium,1
,decay,1
,imbalance,1
,cotton,1
,enhance,1
,infant,1
x-factor,team,7
,bear,6
,sidebar,5
,accessibility,5
,season,5
,real,5
,edge,4
,idol,4
,defense,3
,special,3
,recently,3
,performance,2
,sometimes,2
,x-factor,2
,panther,2
,value,2
,mutant,2
,matchup,2
,election,2
,loss,2
,quarter,2
,series,2
,divine,1
,running,1
,fellow,1
,creative,1
,dolphin,1
,all-star,1
,paltry,1
,ineluctable,1
,afro-american,1
,win,1
,helmet,1
,unknown,1
,celebrity,1
,contestant,1
,rocket,1
,squad,1
,hunter,1
,single,1
,throw,1
,left-hander,1
,assimilation,1
,oblige,1
,off-trail,1
,palette,1
,conditioning,1
,developing,1
,lance,1
,lasting,1
,variable,1
,boring,1
,packer,1
,rolling,1
,singer,1
,producer,1
,lefty,1
,postseason,1
,mystery,1
,personality,1
,offense,1
,imply,1
,statistical,1
,eliminate,1
,sexy,1
,exploit,1
,leaf,1
,assimilate,1
,pitch,1
,guaranteed,1
,injured,1
,unspecified,1
,lack,1
,psychological,1
,relevance,1
,reject,1
,shooting,1
,shine,1
,theoretically,1
,cast,1
,patriotic,1
,sanction,1
,identifiable,1
,navigation,1
,newly,1
,supporting,1
,blazer,1
,mormon,1
,glee,1
,elusive,1
,combination,1
,flip,1
,musician,1
,possess,1
,spark,1
,crystal,1
,rush,1
,disarming,1
,fairly,1
,tab,1
,liberal,1
,acquire,1
,instinct,1
,intrinsic,1
,alteration,1
,extent,1
,green,1
,lonely,1
,genetic,1
,speedster,1
,personnel,1
,teammate,1
,textuality,1
,formerly,1
,slider,1
,place,1
,off-putting,1
xylem,phloem,10
,tissue,8
,plant,7
,cell,7
,through,7
,water,6
,transport,6
,call,5
,vessel,4
,tree,4
,form,3
,fluid,3
,wood,3
,area,2
,usually,2
,leaf,2
,additional,2
,vascular,2
,via,2
,conduct,2
,cavitation,2
,layer,2
,secondary,2
,small,2
,stem,2
,between,2
,system,2
,food,2
,rate,2
,fringe,2
,vulnerability,2
,molecule,2
,genetic,1
,functional,1
,tube,1
,lack,1
,disastrous,1
,scaling,1
,block,1
,specialized,1
,surround,1
,hardwood,1
,nutrient,1
,forest,1
,tube-like,1
,wide,1
,chloroplast,1
,reinforce,1
,plug,1
,derive,1
,age,1
,reduction,1
,vital,1
,passive,1
,flow,1
,hydrostatic,1
,measure,1
,nutrient,1
,sensor,1
,travel,1
,proliferate,1
,dry,1
,ie,1
,trunk,1
,root,1
,method,1
,physiological,1
,spent,1
,poplar,1
,passageway,1
,invader,1
,mineral,1
,annual,1
,column,1
,effectively,1
,progressively,1
,status,1
,conduit,1
,shoot,1
,ascent,1
,sap,1
,woody,1
,assume,1
,terminal,1
,birch,1
,oilseed,1
,steely,1
,fungus,1
,immobile,1
,bacteria,1
,primary,1
,hydraulic,1
,basal,1
,petiole,1
,absorption,1
,essentially,1
,preferential,1
,otherwise,1
,rape,1
,conductance,1
,pronounce,1
,embolism,1
,flat-chested,1
,aquatic,1
,detectable,1
,pull,1
,feed,1
,strangle,1
,absence,1
,modification,1
,nonfunctional,1
,diffusion,1
,define,1
,active,1
