yes,sir,22318
,course,5287
,ma'am,4984
,answer,3543
,absolutely,2921
,answer,2079
,indeed,1984
,unidentified,1809
,definitely,1454
,correct,1387
,nod,1027
,caller,979
,reply,765
,chef,722
,ready,312
,pres,239
,resounding,190
,madam,181
,majesty,142
,unison,97
,pinky,77
,sire,75
,emphatic,61
,highness,56
,sirree,52
,siree,35
,unequivocal,33
,offscreen,21
,mam,20
,milady,17
,excellency,16
,milord,16
,attaboy,15
,tenner,15
,tipper,14
,gladden,14
yours,friend,1403
,truly,909
,choice,467
,fan,401
,mine,257
,sincerely,163
,scratch,58
,admirer,48
,rightfully,48
,faithfully,45
,taking,41
,back,38
,respectfully,33
,asking,28
,uniquely,20
,affectionately,18
,twisted,18
,going,11
,noggin,11
,eternally,10
,disclaimer,10
,countryman,9
,legitimately,8
,faithless,8
,mutt,7
,cordially,6
,reply,4
,pigsty,4
,soonest,4
,diametrically,4
,demented,4
,mushy,4
,ping,4
,no-good,4
,lordship,4
,bonehead,4
,perky,3
,fuck-up,3
,carat,3
,moronic,3
,slough,3
,precious,3
,peeve,3
,distinctively,3
,entwine,3
,ugly-ass,3
,keeping,3
,sign-up,3
,beef,3
,grubby,3
,doohickey,3
,shapely,2
,overactive,2
,sayonara,2
,long-winded,2
,riposte,2
,keepsake,2
,piece-of-shit,2
,go-round,2
,night-time,2
,blackjack,2
,third-rate,2
,obediently,2
,wimpy,2
,vagabond,2
,mace,2
,stapler,2
,smart-ass,2
,transpose,2
,circumscribed,2
,pissing,2
,piss-poor,2
,non-negotiable,2
,teepee,2
,omniscience,2
,faerie,2
,seditious,2
,placing,2
,bull's-eye,2
,ex-partner,2
,wattage,2
,clasp,2
,barmaid,2
,rock-solid,2
,backhand,2
,potshot,2
,bad-tempered,2
,pissant,2
,hazard,2
,pasty,2
,capitalistic,2
,rectitude,2
,unashamed,2
,steed,2
,possessiveness,2
,girlie,2
,chino,2
,satiate,2
,slag,2
,nosey,2
,afterward,2
,indisputably,2
,sissy,2
,goody-goody,2
,merch,2
,kike,2
yield,high,1172
,bond,551
,crop,525
,low,479
,treasury,456
,dividend,451
,serving,411
,increase,357
,percent,348
,average,257
,curve,253
,per,219
,seed,202
,price,199
,fund,192
,rise,169
,stock,165
,fall,162
,current,160
,produce,160
,rate,159
,yield,154
,corn,144
,milk,138
,cotton,136
,total,134
,reduce,131
,maximum,128
,sustainable,127
,offer,126
,quality,126
,plant,125
,growth,124
,annual,122
,grain,119
,increase,117
,wheat,108
,strength,99
,calorie,99
,improve,98
,investor,97
,long-term,96
,rice,94
,bond,94
,convenience,86
,drop,82
,production,81
,cup,80
,investment,80
,loss,79
,agricultural,75
,note,73
,increased,73
,potential,71
,compare,68
,farmer,68
,increasing,67
,percentage,67
,wool,66
,boost,65
,desire,61
,yield,58
,affect,57
,negative,57
,obtain,54
,trait,54
,decline,52
,fruit,52
,estimate,50
,above,50
,maximize,49
,component,49
,benchmark,48
,maturity,48
,minimum,48
,basis,47
,acre,47
,reduction,47
,achieve,46
,sustained,46
,criteria,46
,income,46
,variety,45
,net,45
,one-year,45
,significantly,44
,ratio,44
,result,44
,estimate,43
,lower,43
,farm,43
,decrease,42
,potential,42
,correlation,41
,soil,41
,spread,41
,stress,41
,harvest,40
,debt,40
,return,40
,cannabis,40
,cd,39
,spanish,39
,below,37
,greasy,37
,calculate,37
,exceed,35
,below,35
,relatively,35
,resistance,35
,pound,34
,spread,34
,variation,34
,attractive,33
,equivalent,33
,inflation,33
,above-average,33
,saving,32
,fishery,32
,biological,31
,earnings,31
,marginal,31
,average,30
,taxable,30
,slightly,30
,decline,29
,shearing,29
,vary,28
,leaf,28
,variability,28
,shrimp,28
,cheese,28
,gain,28
,short-term,28
,biomass,27
,harvest,27
,soybean,27
,expected,27
,double,26
,index,26
,relative,26
,explosive,26
,improvement,26
,sauce,26
,protein,25
,parsley,25
,steel,25
,utility,25
,minimum,25
,asset,25
,reduced,25
,italian,25
,portfolio,24
,conventional,24
,drought,24
,genetic,24
,decent,24
,maize,24
,bushel,24
,indoor,23
,two-year,23
,typically,23
,mean,23
,premium,23
,vegetable,23
,range,22
,enhance,22
,hectare,22
,fertilizer,22
,rise,22
,inverted,21
,fiber,21
,sharply,21
,estimated,21
,chase,21
,municipal,21
,nitrogen,21
,organic,20
,substantially,20
,optimum,20
,diagnostic,20
,average,20
,approximately,20
,reserve,20
,money-market,20
,salad,20
,soar,20
,pesticide,19
,load,19
,dramatically,19
,chart,19
,flat,18
,improving,18
,shear,18
,payout,18
,grower,18
,comparable,18
,efficiency,18
,roughly,17
,kiloton,17
,deviation,17
,steep,17
,tomato,17
,warhead,17
,mortgage,17
,nutrient,17
,hemp,17
,greatly,17
,cereal,16
,graph,16
,farming,16
,bean,16
,quantum,16
,improved,16
,agriculture,16
,tax-free,16
,declining,15
,cow,15
,compensate,15
,junk,15
,strain,15
,projected,15
,ie,15
,low,14
,forecast,14
,lemon,14
,low,14
,three-month,13
,pest,13
,dip,13
,ethanol,13
,seven-day,13
,nominal,13
,fixed,13
,timber,12
,five-year,12
,irrigation,12
,productivity,12
,pint,12
,meager,12
,genotype,12
,considerably,12
,stability,12
,monitor,12
,equivalent,11
,double-digit,11
,risky,11
,loaf,11
,appreciation,11
,indirect,11
,slice,11
,negatively,11
,longer-term,11
,vanguard,11
,diminish,10
,psi,10
,tau,10
,quart,10
,minus,10
,decrease,10
,pasta,10
,historically,10
,fluctuation,10
,coefficient,10
,decreasing,10
,modify,10
,project,10
,reinforce,10
,cultivar,10
,forecast,10
,appetizer,10
,buyback,10
,tax-exempt,10
,bruschetta,10
,ten-year,10
,lettuce,9
,sediment,9
,profitability,9
,sovereign,9
,plantation,9
,thin,9
,certificate,9
,couple,9
,boast,9
,required,9
,parameter,9
,optimize,9
,moisture,9
,parmesan,9
,estimation,9
,livestock,9
,flatten,9
,triple,9
,sugarcane,8
,aphid,8
,calculation,8
,irrigated,8
,deposit,8
,perennial,8
,reservoir,8
yogurt,frozen,594
,cup,586
,plain,484
,low-fat,335
,greek,298
,cheese,223
,milk,208
,cream,192
,eat,188
,vanilla,187
,tablespoon,172
,fruit,162
,yogurt,130
,fresh,126
,sauce,122
,serve,119
,container,110
,plain,108
,bowl,107
,fat-free,104
,mixture,99
,mix,94
,sour,89
,add,89
,ice,89
,stir,81
,shop,80
,teaspoon,80
,juice,77
,lemon,76
,ounce,65
,greek,61
,combine,59
,soy,59
,honey,58
,egg,56
,greek-style,55
,granola,54
,organic,50
,contain,50
,cereal,48
,salad,48
,spoon,47
,culture,45
,thick,44
,dollop,44
,fat,44
,banana,44
,breakfast,44
,product,43
,strawberry,43
,chocolate,42
,chopped,40
,serving,39
,butter,39
,bread,38
,dairy,37
,homemade,36
,orange,35
,whisk,35
,top,34
,regular,34
,flavor,34
,creamy,34
,sugar,33
,drink,33
,bacteria,33
,rice,33
,cucumber,32
,garlic,32
,salt,31
,sprinkle,31
,mayonnaise,31
,bar,31
,snack,31
,blueberry,29
,instead,29
,live,29
,calorie,27
,vegetable,27
,non-fat,27
,taste,26
,apple,26
,calcium,26
,dress,25
,cottage,25
,light,25
,sweet,25
,cake,25
,goat,24
,protein,24
,chicken,23
,mustard,22
,cilantro,22
,dessert,22
,onion,22
,fridge,22
,pour,22
,almond,22
,drained,22
,spoon,22
,healthy,22
,lime,22
,blend,22
,flavor,21
,dish,21
,plus,21
,coffee,21
,probiotic,20
,mango,20
,mint,20
,nut,20
,spread,20
,lunch,20
,flavored,20
,farm,19
,soup,19
,tangy,19
,plastic,19
,topping,19
,oatmeal,19
,tomato,18
,potato,18
,buttermilk,18
,garnish,18
,smooth,18
,optional,18
,kefir,18
,maple,17
,strained,17
,dip,17
,scoop,17
,maker,17
,peach,17
,remaining,17
,fold,17
,diet,16
,peanut,16
,carton,16
,sliced,16
,substitute,16
,freeze,15
,brand,15
,strainer,15
,smoothy,15
,probiotics,15
,coconut,15
,active,15
,pepper,15
,garnish,15
,slice,14
,delicious,14
,raspberry,14
,full-fat,14
,muffin,14
,divide,14
,lamb,14
,pint,14
,syrup,13
,olive,13
,mix,13
,sorbet,13
,cherry,13
,sweetened,13
,desire,13
,raw,13
,ingredient,13
,meal,13
,dip,13
,strain,13
,drizzle,12
,layer,12
,pumpkin,12
,oven,12
,smoothie,12
,chop,12
,spoonful,12
,recipe,12
,fat,12
,clove,12
,herb,12
,blender,12
,drinkable,11
,flour,11
,tub,11
,medium,11
,cookie,11
,acid,11
,consistency,11
,bean,11
,pancake,11
,lid,11
,raisin,11
,baked,11
,pudding,11
,pizza,10
,top,10
,marinate,10
,sandwich,10
,scoop,10
,skim,10
,sweeten,10
,zest,10
,kiwi,10
,grain,10
,nutrition,10
,carrot,10
,cinnamon,10
,spinach,10
,gram,10
,spice,10
,walnut,10
,parfait,10
,salsa,10
,mint,9
,swirl,9
,process,9
,refrigerator,9
,cleanliness,9
,handful,9
,cracker,9
,turkey,9
,vinegar,9
,chutney,9
,tart,9
,fermented,9
,spread,9
,transfer,9
,powder,9
,pickle,9
,whipped,9
,drain,9
,ferment,9
,preheat,8
,puree,8
,veggie,8
,minced,8
,pear,8
,toast,8
,consume,8
,spicy,8
,cumin,8
,overnight,8
,basil,8
,tofu,8
,beneficial,8
,thicken,8
,sidebar,8
,toss,8
,skim,8
,starter,8
,curry,8
,orange,8
,treat,7
,hummus,7
,lactose,7
,eating,7
,expired,7
,burger,7
,corn,7
,finely,7
,pasta,7
,unsweetened,7
,square,7
,gelatin,7
,minted,7
,quart,7
,mince,7
,vitamin,6
,consumption,6
,balsamic,6
,plum,6
,canned,6
,apricot,6
,cornstarch,6
,cream,6
,reduced-fat,6
,sauerkraut,6
,dried,6
,yeast,6
,kosher,6
,olive,6
,mozzarella,6
,spice,6
,cheesecloth,6
,place,6
,seasoning,6
,soften,6
,chives,6
,ricotta,6
,grape,6
,wedge,6
,liquid,6
,chickpea,6
,beef,6
,herbed,6
,zucchini,6
,pita,6
,grilled,6
,toasted,6
yeast,infection,379
,dry,183
,active,163
,teaspoon,159
,water,140
,cell,121
,bacteria,115
,add,110
,sugar,109
,nutritional,104
,cup,101
,bread,94
,mixture,85
,flour,84
,salt,81
,warm,79
,budding,67
,yeast,64
,dissolve,60
,stir,56
,bowl,55
,combine,55
,tablespoon,54
,dough,49
,produce,49
,instant,48
,package,46
,ferment,45
,cause,44
,wild,43
,sprinkle,41
,culture,39
,strain,38
,gene,37
,overgrowth,36
,protein,36
,contain,35
,milk,34
,red,33
,fungus,33
,mix,33
,rice,32
,mold,31
,fermentation,31
,beer,30
,extract,30
,packet,29
,feed,28
,organism,28
,fission,27
,envelope,25
,fresh,25
,cake,23
,bake,23
,egg,22
,prevent,22
,dynein,21
,vaginal,20
,growth,20
,stand,20
,rise,20
,commercial,20
,honey,20
,starter,20
,roll,19
,express,19
,genome,19
,chronic,18
,lager,18
,pour,17
,treat,17
,ounce,16
,sweet,16
,mutant,15
,wheat,15
,genetically,15
,colony,15
,human,15
,dna,15
,wine,14
,garlic,14
,observe,14
,bacterial,14
,genetic,14
,recipe,14
,species,14
,supplementation,13
,thrush,13
,strain,12
,convert,12
,mixer,12
,juice,11
,loaf,11
,malt,11
,smell,11
,plus,10
,alcohol,10
,addition,10
,live,10
,dried,10
,isolate,10
,sourdough,10
,granulate,10
,enzyme,10
,fruit,10
,naturally,10
,grain,10
,whisk,9
,factory,9
,vat,9
,mix,9
,supplement,9
,hop,9
,cream,9
,grape,9
,powder,9
,glucose,9
,efflux,8
,assay,8
,experiment,8
,lukewarm,8
,mammal,8
,ingredient,8
,gluten,8
,parasite,8
,paste,8
,all-purpose,8
,mammalian,8
,chromosome,8
,pepper,8
,vitamin,8
,mutation,8
,odor,8
,lab,8
,diet,8
,activate,8
,ale,8
,mitochondrial,8
,indigenous,8
,pathway,8
,baking,8
,fly,8
,normally,7
,multiply,7
,acid,7
,antibiotic,7
,dairy,7
,engineered,7
,carbon,7
,leaven,7
,blend,7
,algae,7
,seed,7
,sponge,7
,airborne,7
,mouse,7
,increment,7
,recombination,7
,virus,7
,soften,7
,pure,7
,brewing,6
,microorganism,6
,lemon,6
,dietary,6
,worm,6
,consume,6
,dioxide,6
,intron,6
,vagina,6
,medication,6
,chemical,6
,hybrid,6
,organic,6
,supplement,6
,liquid,6
,vaccine,6
,extract,6
,yogurt,6
,mixing,5
,soy,5
,barley,5
,butter,5
,fig,5
,complex,5
,promoter,5
,thrive,5
,recurrent,5
,microbe,5
,transcription,5
,originally,5
,engineer,5
,spindle,5
,mold,5
,pizza,5
,frozen,5
,cure,5
,reproduce,5
,wort,5
,clump,5
,remaining,5
,breed,5
,flavor,5
,champagne,5
,liquid,5
,intestinal,5
,donut,5
,pitch,5
,sequence,5
,genetics,5
,molecule,5
,functional,5
,foam,5
,derive,4
,medium,4
,batch,4
,compressed,4
,microtubule,4
,diploid,4
,conserve,4
,freezer,4
,homemade,4
,soda,4
,cow,4
,eukaryote,4
,biscuit,4
,buttermilk,4
,kinase,4
,peptide,4
,additive,4
,nutrient,4
,ethanol,4
,selenium,4
,scalp,4
,insert,4
,single-celled,4
,bladder,4
,aging,4
,occupancy,4
,biology,4
,snowflake,4
,lifespan,4
,yolk,4
,genus,4
,optional,4
,gram,4
,plague,4
,external,4
,hook,4
,olive,4
,phenotype,4
,combine,4
,trigger,4
,sour,4
,raging,4
,mill,4
,fermented,4
,cure,4
,homolog,4
,bloodstream,3
,dissolved,3
,dessert,3
,immune,3
,cultured,3
,replicate,3
,rash,3
,tame,3
,cider,3
,plague,3
,artificial,3
,diagnose,3
,knead,3
,belgian,3
,neutral,3
,digestibility,3
,called,3
,heifer,3
,lactic,3
,rising,3
,novel,3
,meiotic,3
,membrane,3
,cultivate,3
,over-the-counter,3
,banana,3
,cashew,3
,liver,3
,inhale,3
,inject,3
,clove,3
,elongation,3
,tract,3
,nipple,3
,cereal,3
,maple,3
,domesticated,3
,package,3
,comprise,3
,hemp,3
,colonize,3
yugoslav,army,230
,republic,165
,president,135
,war,94
,federation,72
,government,67
,force,67
,state,58
,leader,44
,conflict,39
,crisis,37
,troop,32
,federal,32
,serbian,32
,military,31
,official,29
,minister,26
,air,26
,national,25
,socialist,24
,tribunal,24
,police,22
,crime,19
,soldier,18
,agency,18
,communist,17
,capital,17
,province,16
,shoot,15
,foreign,15
,border,14
,officer,14
,defense,14
,civil,13
,mission,13
,authority,13
,independence,12
,jet,12
,target,11
,bombing,11
,fighter,10
,serb-dominated,10
,plane,10
,helicopter,9
,tank,9
,tragedy,9
,panic,9
,politics,9
,declare,9
,partisan,9
,prime,9
,immigrant,9
,peace,8
,commander,8
,breakup,8
,croatian,8
,soviet,8
,refugee,8
,trial,8
,regime,8
,attack,8
,bosnian,8
,alliance,7
,ministry,7
,independent,7
,fire,7
,strike,7
,paramilitary,7
,senior,7
,preserve,7
,official,7
,fighting,7
,dictator,7
,expert,7
,exile,6
,capture,6
,cross,6
,leadership,6
,territory,6
,constitution,6
,representative,6
,diplomat,6
,barracks,6
,armed,6
,communist,6
,back,6
,headquarters,6
,unity,6
,general,6
,breakaway,5
,recognition,5
,identity,5
,internal,5
,accuse,5
,launch,5
,collapse,5
,withdraw,5
,military,5
,ethnic,5
,aircraft,5
,insist,4
,uniform,4
,coast,4
,ally,4
,sovereignty,4
,trigger,4
,continued,4
,russian,4
,presidency,4
,united,4
,artillery,4
,parliament,4
,tear,4
,yugoslav,4
,opposition,4
,custom,4
,slovene,4
,dinar,4
,desk,4
,deputy,4
,muslim,4
,interpreter,4
,passport,4
,civilian,4
,constitutional,3
,implication,3
,destroyed,3
,assault,3
,kingdom,3
,accomplish,3
,italian,3
,strike,3
,albanian,3
,airstrike,3
,dodger,3
,criminal,3
,arsenal,3
,indictment,3
,royal,3
,albanian,3
,criticize,3
,round,3
,extradition,3
,remnant,3
,airspace,3
,tension,3
,german,3
,disintegrate,3
,indict,3
,bulgarian,3
,embargo,3
,approval,3
,withdrawal,3
,ambassador,3
,flee,3
,target,3
,italian,3
,aid,3
,draft,3
,intellectual,3
,rebel,3
,airline,3
,armor,3
,flag,3
,divide,3
,inhabitant,2
,mortar,2
,reinforce,2
,insurgent,2
,badly,2
,countryside,2
,bishop,2
,shell,2
,mainly,2
,overwhelming,2
,rebel,2
,heir,2
,collapse,2
,entity,2
,setback,2
,secession,2
,collective,2
,civilian,2
,daily,2
,face-to-face,2
,mediation,2
,cluster,2
,execute,2
,swiss,2
,bomb,2
,confederation,2
,preside,2
,found,2
,associate,2
,autocratic,2
,amid,2
,demolish,2
,hard-line,2
,nevertheless,2
,secede,2
,defendant,2
,rump,2
,turmoil,2
,dismemberment,2
,port,2
,interior,2
,precedent,2
,spokesman,2
,reportedly,2
,associated,2
,overnight,2
,polish,2
,pronouncement,2
,cooperation,2
,mediator,2
,cooperative,2
,greek,2
,armored,2
,embassy,2
,dispute,2
,nearby,2
,siege,2
,condemn,2
,eventual,2
,expel,2
,hungarian,2
,tourism,2
,faction,2
,slovenian,2
,disintegration,2
,reserve,2
,fraternal,2
,communism,2
,cassette,2
,intensify,2
,accord,2
,electrical,2
,air-to-ground,2
,airplane,2
,demonstration,2
,installation,2
,procurement,2
,visa,2
,forum,2
,nationality,2
,troubled,2
,gunman,2
,accidental,2
,gen,2
,ruin,2
,encouraging,2
,constitute,2
,balkan,2
,side,2
,warplane,2
,invent,2
,three-hour,2
,postwar,2
,casualty,2
,near,2
,grandfather,2
,casserole,2
,cease-fire,2
,broker,1
,devotional,1
,disarm,1
,mortar,1
,peacekeeping,1
,wanted,1
,aggressor,1
,rebroadcast,1
,separatist,1
,freighter,1
,imposition,1
,inadequacy,1
,movingly,1
,betrayed,1
,conviviality,1
,provisional,1
,pussycat,1
,bluff,1
,autonomously,1
,emigrate,1
,forester,1
,shelling,1
,deluge,1
,unraveling,1
,unrest,1
,dislodge,1
,second-largest,1
,steamroller,1
,perennial,1
,mainstay,1
,astute,1
,tangle,1
,tryst,1
,bastion,1
,newly-elected,1
,enormously,1
,emigrant,1
year-end,bonus,64
,list,48
,report,46
,tax,33
,gift,28
,test,27
,award,25
,fiscal,25
,holiday,22
,today,21
,reading,19
,issue,18
,tax-deductible,18
,cliff,17
,statement,17
,news,16
,conference,15
,top,15
,deadline,15
,skill,14
,target,14
,fail,14
,party,13
,annual,12
,critic,12
,special,11
,score,11
,ranking,11
,measure,10
,budget,10
,price,10
,accountability,10
,final,9
,season,9
,total,9
,inventory,9
,avoid,9
,summary,9
,release,8
,predict,8
,mathematics,8
,rally,8
,deal,8
,achievement,8
,kindergarten,8
,update,8
,financial,7
,goal,7
,championship,7
,review,7
,total,7
,earnings,6
,release,6
,profit,6
,asset,6
,return,6
,top,6
,traditional,6
,sales,6
,evaluation,5
,fund,5
,planning,5
,talk,5
,final,5
,deficit,5
,approach,5
,competition,5
,grade,5
,avert,5
,edition,5
,projection,5
,assessment,5
,meeting,5
,criteria,5
,poll,5
,saving,5
,first-grade,5
,employee,5
,distribution,5
,stock,4
,accounting,4
,projected,4
,outcome,4
,post,4
,pay,4
,slide,4
,failure,4
,incentive,4
,cut,4
,cash,4
,fair,4
,increase,4
,move,4
,notice,4
,roundup,4
,quarter,4
,finance,4
,honor,4
,complete,4
,top,4
,billboard,3
,chart,3
,prediction,3
,link,3
,wrap-up,3
,standardized,3
,compile,3
,score,3
,gain,3
,cover,3
,survey,3
,estimate,3
,showdown,3
,double,3
,variance,3
,qualify,3
,essay,3
,dividend,3
,ie,3
,marketing,3
,boost,3
,album,3
,compensation,3
,sample,3
,net,3
,yesterday,3
,observe,3
,celebration,3
,studio,3
,corporate,3
,concert,3
,basis,3
,plus,3
,audit,3
,classification,3
,revenue,3
,lobbying,2
,staffer,2
,literacy,2
,jeopardy,2
,hike,2
,domestic,2
,extravaganza,2
,outlook,2
,selling,2
,crunch,2
,rank,2
,uncertainty,2
,violin,2
,challenge,2
,assembly,2
,round,2
,tournament,2
,appeal,2
,estimate,2
,app,2
,sale,2
,festivity,2
,recital,2
,surge,2
,vacation,2
,retrospective,2
,fourth-quarter,2
,automatic,2
,advance,2
,comedy,2
,quiz,2
,book,2
,year-end,2
,buying,2
,present,2
,recap,2
,publication,2
,upper-level,2
,payroll,2
,periodic,2
,refund,2
,typically,2
,indefinitely,2
,trading,2
,membership,2
,blowout,2
,payment,2
,charitable,2
,deduction,2
,hidden,2
,account,2
,winner,2
,belt,2
,accountant,2
,accuracy,2
,chase,2
,promotion,2
,fund-raising,2
,lottery,2
,offering,2
,top,2
,investor,2
,count,2
,career-high,2
,tightening,2
,negotiation,2
,recognition,2
,forecast,2
,statistics,2
,recommendation,2
,percentile,2
,combination,2
,standing,2
,tweaking,2
,supplement,2
,giving,2
,pass,2
,forecast,2
,aim,2
,treat,2
,consistent,2
,safely,2
,fat,2
,box-office,2
,statistically,2
,portfolio,2
,momentum,2
,festival,2
,reporting,2
,working,2
,probability,2
,lunar,2
,exam,2
,unveil,2
,wrap,2
,first-ever,2
,spelling,2
,favorite,2
,capital-gains,2
,fluency,2
,predictor,2
,guide,2
,adjust,2
,tip,2
,surplus,2
,boost,2
,rebate,2
,summarize,2
,aside,2
,layoff,2
,vie,2
,foul,2
,soundtrack,1
,first-rate,1
,reminiscent,1
,blitz,1
,termination,1
,earned,1
,sterilization,1
,boozy,1
,bash,1
,prodigy,1
,presumed,1
,deferred,1
,greeting,1
,inadequately,1
,multiply,1
,lofty,1
,pe,1
,peak,1
,proliferate,1
,universal,1
,maturity,1
,moss,1
,noteworthy,1
,self-imposed,1
,disproportionate,1
,footnote,1
,gala,1
,unpublished,1
,financing,1
,expectantly,1
,tsunami,1
,archive,1
,esquire,1
,best-laid,1
,skew,1
,stampede,1
,ploy,1
,predictive,1
,replay,1
,choppy,1
,redistribute,1
,grudge,1
,demographics,1
,congestion,1
,dispense,1
,alleviate,1
,benchmark,1
,thrust,1
,unusually,1
,installment,1
,summation,1
,swan,1
yuppie,scum,43
,couple,17
,type,13
,parent,11
,generation,9
,neighborhood,9
,fucking,8
,bar,7
,lawyer,7
,paradise,7
,flu,6
,yuppie,6
,lifestyle,6
,neighbor,5
,asshole,5
,dream,5
,culture,5
,mobster,5
,era,5
,hippie,5
,bunch,5
,magazine,5
,upscale,5
,very,5
,versus,4
,biker,4
,version,4
,puppy,4
,ice,4
,iron,4
,scumbag,4
,urban,4
,suburban,4
,mentality,4
,hipster,4
,manager,4
,condo,3
,chow,3
,typical,3
,hypocritical,3
,dickhead,3
,banker,3
,boutique,3
,selfish,3
,expensive,3
,trendy,3
,greed,3
,fad,3
,corporate,3
,suburb,3
,taste,3
,orange,3
,liberal,3
,restaurant,3
,yoga,3
,pricey,3
,aging,3
,speaking,2
,trend,2
,nuisance,2
,privileged,2
,punk,2
,gym,2
,anal,2
,goddamn,2
,stereotype,2
,pizza,2
,ad,2
,drama,2
,blue-collar,2
,rise,2
,feature,2
,male,2
,joint,2
,morph,2
,tourist,2
,spoiled,2
,slick,2
,studio,2
,bitch,2
,comedy,2
,vs,2
,dub,2
,pampered,2
,watering,2
,sale,2
,fake,2
,downtown,2
,crowd,2
,upper-middle,2
,blend,2
,envy,2
,sip,2
,yuppy,2
,threesome,2
,progressive,2
,killer,2
,acquisitiveness,2
,valley,2
,local,2
,bedroom,2
,couple,2
,retiree,2
,tiki,2
,shopper,2
,bistro,2
,crap,2
,suburbanite,2
,so-called,2
,soccer,2
,quintessential,2
,suv,2
,haven,2
,indulgence,2
,catcher,2
,phase,2
,clientele,2
,professional,2
,acquisitive,2
,sprawl,2
,progressive,2
,scream,2
,idiot,2
,breed,2
,organic,2
,enclave,2
,self-absorbed,2
,surely,2
,insect,2
,friendly,2
,generic,1
,insufferable,1
,two-income,1
,accoutrement,1
,affluent,1
,menswear,1
,burgeoning,1
,beret,1
,crib,1
,corporatist,1
,disdain,1
,whimper,1
,womanizer,1
,finnish,1
,slime,1
,conform,1
,clamor,1
,prudish,1
,pretender,1
,redneck,1
,rev,1
,rover,1
,sickly,1
,occupied,1
,ne'er-do-well,1
,careen,1
,payback,1
,red-faced,1
,ethic,1
,smugness,1
,sushi,1
,squander,1
,sting,1
,infestation,1
,trajectory,1
,cuteness,1
,denounce,1
,coin,1
,die-hard,1
,flick,1
,bourgeois,1
,royal-blue,1
,conformity,1
,derisively,1
,succumb,1
,oversexed,1
,proverbial,1
,newcomer,1
,conspicuous,1
,scripted,1
,southside,1
,feminist,1
,sunglasses,1
,thug,1
,twirl,1
,long-haired,1
,veneer,1
,unattractive,1
,underneath,1
,ode,1
,clone,1
,curb,1
,pinstripe,1
,remorseless,1
,sameness,1
,boomer,1
,pioneer,1
,elegance,1
,fussy,1
,self-centered,1
,stalwart,1
,jot,1
,cleaned,1
,negativity,1
,overpriced,1
,plow,1
,posse,1
,mormon,1
,heir,1
,ensemble,1
,sportsman,1
,sikh,1
,countertop,1
,apex,1
,bicyclist,1
,crotch,1
,lampoon,1
,nab,1
,extinct,1
,freight,1
,squirm,1
,idealism,1
,yurt,1
,unctuous,1
,lonesome,1
,woe,1
,hog,1
,horny,1
,brigade,1
,antidote,1
,continental,1
,cotillion,1
,feeder,1
,woo,1
,mutt,1
,ninja,1
,posh,1
,college-educated,1
,cruelty,1
,facilitator,1
,sausage,1
,feud,1
,gullible,1
,tantrum,1
,cuisine,1
,dubious,1
,pussy,1
,nerd,1
,stockbroker,1
,austerity,1
,anthem,1
,commute,1
,eyed,1
,satire,1
,environmentally,1
,erudite,1
,grocer,1
,hypochondriac,1
,hopeless,1
,layoff,1
,softball,1
,toddler,1
,dishonest,1
,chic,1
,nickname,1
,overpaid,1
,co-author,1
,mecca,1
,vegan,1
,inbreeding,1
,metrosexual,1
,underworld,1
,contemptuous,1
,preppie,1
,eclectic,1
,quaff,1
,dinner-table,1
,broadway,1
,buddhist,1
,amuse,1
,angst,1
,throes,1
,third-generation,1
,selling,1
,slut,1
,tan,1
,luxury,1
,mildly,1
,prose,1
,excess,1
,board,1
,unnerve,1
,pre-show,1
,drunken,1
,neighbourhood,1
,deleted,1
,devolve,1
,wildly,1
,latent,1
,suave,1
yucky,feel,26
,stuff,21
,taste,11
,feeling,10
,food,10
,face,7
,hole,7
,gross,6
,yucky,6
,smell,5
,cheese,5
,green,5
,eat,4
,dirty,3
,tooth,3
,hair,3
,touch,3
,dumb,3
,convince,3
,taste,3
,worm,3
,stomach,3
,pail,2
,sick,2
,toy,2
,swallow,2
,pop-up,2
,bug,2
,babe,2
,capture,2
,sweet,2
,prepare,2
,wing,2
,honey,2
,biology,2
,carpet,2
,avoid,2
,kind,2
,bunch,2
,apple,2
,flavor,2
,feel,2
,medicine,2
,replace,2
,sure,2
,derive,2
,odious,2
,fish,2
,bathroom,2
,cool,2
,declare,2
,mayor,2
,broccoli,2
,seawater,2
,gloppy,2
,dough,1
,ungrateful,1
,vagina,1
,aloft,1
,odor,1
,halo,1
,disguise,1
,corpse,1
,sink,1
,spit,1
,granite,1
,lime,1
,tasting,1
,orca,1
,crapola,1
,crusty,1
,flipper,1
,stink,1
,acute,1
,miraculous,1
,deliciousness,1
,detest,1
,conscious,1
,reprocess,1
,liar,1
,knot,1
,fingerprint,1
,handle,1
,brownish,1
,mechanic,1
,close,1
,putrid,1
,doom,1
,trait,1
,riff,1
,fiscally,1
,backyard,1
,instant,1
,crawly,1
,musty,1
,swap,1
,infest,1
,vaguely,1
,alien,1
,stomach-churning,1
,wail,1
,vegan,1
,greek,1
,kooky,1
,mailbox,1
,nicely,1
,nicotine,1
,filthy,1
,ham,1
,lingo,1
,accumulate,1
,pellet,1
,crinkly,1
,chasm,1
,ditch,1
,halogen,1
,junk,1
,geographic,1
,spoiled,1
,buffalo,1
,physiology,1
,cushion,1
,manor,1
,berth,1
,coating,1
,poop,1
,deplorable,1
,estrogen,1
,fringy,1
,non-functioning,1
,explicitness,1
,fairy,1
,smelly,1
,interactive,1
,nationwide,1
,neat,1
,bonus,1
,administer,1
,belly,1
,mare,1
,delete,1
,rash,1
,shine,1
,cereal,1
,chore,1
,damp,1
,bud,1
,beady,1
,chemo,1
,composter,1
,two-party,1
,bacon,1
,scratchy,1
,spore,1
,tinge,1
,patiently,1
,layer,1
,grease,1
,gummy,1
,homework,1
,oozy,1
,dreary,1
,kicker,1
,twist,1
,urine,1
,starter,1
,basin,1
,annoyance,1
,doorknob,1
,slushy,1
,macaroni,1
,melon,1
,curbside,1
,streak,1
,hug,1
,hog,1
,trap,1
,hallway,1
,mud,1
,cabbage,1
,excess,1
,foul,1
,snaky,1
,fraction,1
,spinach,1
,candle,1
,curly,1
,dome,1
,riddle,1
,foodstuff,1
,sprout,1
,tub,1
,hook,1
,sweat,1
,labeled,1
,antibiotic,1
,mushy,1
,cracker,1
,sinus,1
,facial,1
,merit,1
,drainage,1
yuletide,season,21
,ancient,19
,troll,15
,christmas,13
,spirit,13
,cheer,8
,gay,8
,during,8
,tradition,6
,favorite,5
,spread,4
,tune,4
,fool,4
,holiday,4
,annual,4
,celebration,4
,special,3
,decor,3
,joy,3
,warm,3
,bright,3
,fill,3
,merry,3
,camellia,3
,tour,2
,classic,2
,past,2
,joyous,2
,blasphemous,2
,singer,2
,evening,2
,exchange,2
,festival,2
,fruitcake,2
,relative,2
,favorite,2
,fable,2
,mistletoe,2
,offering,2
,gift,2
,tale,2
,excess,2
,sing,2
,visitor,2
,hall,2
,treasure,2
,potential,2
,dark,2
,log,2
,salad,2
,sipper,1
,trim,1
,orchestra,1
,cult,1
,eggnog,1
,outdoor,1
,cotton,1
,render,1
,dickensian,1
,favor,1
,libation,1
,trimming,1
,poignant,1
,toil,1
,specially,1
,backfire,1
,aroma,1
,ambiance,1
,majesty,1
,brass,1
,nonalcoholic,1
,rustic,1
,receipt,1
,stack,1
,much-loved,1
,caroler,1
,lurk,1
,catalog,1
,pulse,1
,quilted,1
,enabler,1
,flash,1
,reindeer,1
,sacrifice,1
,sweet,1
,spin,1
,void,1
,manly,1
,triumph,1
,feline,1
,helping,1
,marathon,1
,beverage,1
,booze,1
,pinecone,1
,enduring,1
,gritty,1
,supper,1
,spike,1
,instant,1
,wonderland,1
,magical,1
,charming,1
,permeate,1
,customary,1
,reliable,1
,glowing,1
,aristocrat,1
,commerce,1
,cherry,1
,ounce,1
,re-create,1
,firm,1
,attraction,1
,bash,1
,blaze,1
,charmingly,1
,anything,1
,chorus,1
,enlist,1
,brewing,1
,spark,1
,spicy,1
,tuck,1
,awe,1
,stunning,1
,pepper,1
,refuge,1
,nutmeg,1
,perennial,1
,delirium,1
,lyrics,1
,oasis,1
,odyssey,1
,complement,1
,cheer,1
,cherished,1
,durable,1
,directional,1
,misadventure,1
,awake,1
,part-time,1
,decoration,1
,spell,1
,harmful,1
,gambol,1
,festive,1
,yearly,1
,laborious,1
,bliss,1
,reverend,1
,eve,1
,stroll,1
,palace,1
,adorable,1
,authentic,1
,basket,1
,norwegian,1
,rite,1
,ritual,1
,stocking,1
,instrumental,1
,interpreter,1
,oppressed,1
,destination,1
,gingerbread,1
,fix,1
,gross,1
,unadorned,1
,birchbark,1
,ornament,1
,choral,1
,neglectful,1
,prank,1
,renewal,1
,evoke,1
,shovel,1
,gumbo,1
,gathering,1
,loving,1
,alsatian,1
,brew,1
,hut,1
,addict,1
,practically,1
,rank,1
,amnesia,1
,deviance,1
,merrymaking,1
,bend,1
,huddle,1
,weary,1
,menorah,1
,celtic,1
,endless,1
,exhibit,1
,entertaining,1
,sophisticated,1
,spite,1
,cage,1
,classic,1
,hearth,1
,solidarity,1
,hertz,1
,vulgar,1
,despair,1
,serpent,1
,lend,1
,inappropriate,1
,deck,1
,ensemble,1
,enthralling,1
,foe,1
,haven,1
,tender,1
,plantation,1
,postmodern,1
,seemingly,1
,giddy,1
,symphony,1
,grain,1
,spiked,1
,worthy,1
,decorated,1
,stall,1
,smorgasbord,1
,sole,1
,grace,1
,adorn,1
,bayou,1
,pop-up,1
,merriment,1
,pious,1
,fare,1
,slat,1
,greeting,1
y-axis,represent,23
,along,21
,show,17
,value,11
,indicate,11
,left,10
,right,10
,difference,9
,number,8
,horizontal,8
,scale,7
,percentage,7
,different,7
,x-axis,6
,depict,6
,vertical,6
,plot,5
,note,5
,against,5
,scale,5
,signal,4
,respectively,4
,score,4
,degree,4
,relative,4
,line,4
,direction,3
,approximately,3
,length,3
,coefficient,3
,display,3
,correspond,3
,amount,3
,dotted,3
,parallel,3
,statistic,3
,positive,3
,plot,3
,per,3
,normal,3
,patient,3
,equivalent,3
,figure,3
,sample,2
,correlation,2
,form,2
,aggression,2
,name,2
,agreement,2
,stage,2
,variable,2
,blue,2
,mean,2
,arbitrary,2
,listener,2
,mm,2
,split,2
,fractional,2
,cost,2
,range,2
,speed-up,2
,size,2
,al,2
,space,2
,logarithmic,2
,chromosomal,2
,measure,2
,ratio,2
,specific,2
,draw,2
,unit,2
,cell,2
,solid,2
,example,2
,notify,2
,ordinate,2
,performance,2
,author,2
,bar,2
,radiation,2
,improved,2
,site,2
,circle,2
,classifier,2
,constant,2
,pass,2
,intensity,2
,label,1
,attribute,1
,horn,1
,waveform,1
,low-cost,1
,retrospective,1
,linear,1
,coordinate,1
,activation,1
,associated,1
,density,1
,sphere,1
,flexible,1
,transformation,1
,dilution,1
,fold,1
,log,1
,comprehension,1
,translational,1
,infection,1
,operator,1
,momentum,1
,stick,1
,arbitrarily,1
,infected,1
,elevation,1
,measurement,1
,median,1
,omit,1
,recovery,1
,applicant,1
,legend,1
,processor,1
,decreasing,1
,expected,1
,trap,1
,standardized,1
,earner,1
,reported,1
,proxy,1
,postural,1
,logarithm,1
,left-right,1
,font,1
,dependent,1
,shaded,1
,gdp,1
,fluorescence,1
,self-esteem,1
,eigenvalue,1
,interrupted,1
,vocal,1
,index,1
,danish,1
,agglomeration,1
,exhibit,1
,resistant,1
,perpendicular,1
,logarithmically,1
,experimental,1
,specify,1
,cultured,1
,tangent,1
,mitigation,1
,overlap,1
,chart,1
,datum,1
,variance,1
,right-side,1
,formula,1
,atmospheric,1
,beat,1
,doubling,1
,secondary,1
,silliness,1
,enlarge,1
,arousal,1
,millimeter,1
,radical,1
,cluster,1
,chaotic,1
,remotely,1
,salmon,1
,graph,1
,interval,1
,wavelet,1
,incorporate,1
,x-ray,1
,genomic,1
,vary,1
,angle,1
,configuration,1
,excursion,1
,destination,1
,invert,1
,inclusive,1
,label,1
,imaginary,1
,adherent,1
,complication,1
,compress,1
,expansion,1
,distort,1
,enjoyment,1
,versus,1
,origin,1
,eg,1
,zip,1
,flip,1
,transcript,1
,incidence,1
,absolute,1
,abundance,1
,hindgut,1
,tissue,1
,lattice,1
,non-event,1
,probability,1
,gradient,1
,fraction,1
,aggregate,1
,scary,1
,separation,1
,given,1
,statistical,1
,empirical,1
years-old,when,7
,over,5
,about,5
,watch,4
,years-old,4
,contact,3
,under,3
,adopt,3
,demographic,2
,midnight,2
,currently,2
,murder,2
,barely,2
,benefit,2
,footage,2
,contain,2
,wear,2
,citation,2
,destroy,2
,no,2
,sick,2
,foliage,1
,match,1
,backer,1
,passing,1
,sob,1
,finger,1
,lap,1
,winning,1
,butt,1
,puberty,1
,height,1
,australian,1
,pile,1
,premier,1
,dirt,1
,fill,1
,lens,1
,black,1
,nasty,1
,transcend,1
,minutia,1
,photoshopped,1
,purge,1
,dozen,1
,segment,1
,suicide,1
,grudge,1
,overtime,1
,pension,1
,controversy,1
,ipod,1
,landmark,1
,arrest,1
,chat,1
,exposure,1
,vice,1
,voyage,1
,popcorn,1
,echo,1
,impression,1
,visual,1
,observatory,1
,file-sharing,1
,lick,1
,endorse,1
,frequently,1
,bridesmaid,1
,wise,1
,regularly,1
,respectively,1
,unsolved,1
,cling,1
,razor,1
,tout,1
,minute,1
,trace,1
,discovery,1
,litter,1
,retired,1
,fishing,1
,telescope,1
,unlimited,1
,statistic,1
,stem,1
,urination,1
,boat,1
,fabric,1
,militant,1
,archival,1
,shuttle,1
,old-timer,1
,severe,1
,warp,1
,baseline,1
,behalf,1
,oil-soaked,1
,dispute,1
,lyrical,1
,cart,1
,casually,1
,median,1
,nephew,1
,iron,1
,rag,1
,rejection,1
,anger,1
,recall,1
,summons,1
,juvenile,1
,overflow,1
,emotionally,1
,satellite,1
,stalemate,1
,concern,1
,presentation,1
,vulnerability,1
,athletic,1
,circus,1
,scandal,1
,stack,1
,guarantee,1
,stain,1
,archived,1
,vanish,1
,mispronunciation,1
,buffer,1
,root,1
,scary,1
,delete,1
,household,1
,inflation,1
,litigation,1
,pay,1
,declining,1
,freeze,1
,submit,1
youthfulness,beauty,4
,face,4
,youthfulness,4
,appearance,3
,despite,3
,impression,3
,energy,3
,skin,3
,exude,2
,fixation,2
,highlight,2
,equate,2
,hormone,2
,extreme,2
,because,2
,impart,2
,associate,2
,capture,2
,projecting,2
,catch,2
,maintain,2
,secret,2
,well,2
,character,2
,relative,2
,credit,2
,playfulness,2
,slender,2
,uncanny,2
,age,2
,eternal,2
,ability,2
,sense,2
,succeed,1
,wisdom,1
,moral,1
,remarkable,1
,ratio,1
,illusion,1
,overlook,1
,occupation,1
,rebelliousness,1
,defendant,1
,unyielding,1
,largely,1
,blossom,1
,poet,1
,partial,1
,performer,1
,prowess,1
,rookie,1
,efficiency,1
,maturation,1
,brown,1
,odds,1
,principal,1
,ripe,1
,grail,1
,obsessive,1
,charm,1
,persistent,1
,gene,1
,esthetics,1
,mead,1
,baby-faced,1
,glory,1
,individualization,1
,innovation,1
,longevity,1
,wrap,1
,precisely,1
,yellowish,1
,accentuate,1
,exaggerate,1
,surprise,1
,shadow,1
,tonic,1
,lasting,1
,virility,1
,nave,1
,respondent,1
,responsiveness,1
,sexuality,1
,steel,1
,quest,1
,fluorescent,1
,somewhat,1
,graphic,1
,lightness,1
,idolatry,1
,immortality,1
,infantile,1
,cab,1
,proper,1
,mirror,1
,misery,1
,attractive,1
,ninth-grader,1
,vigor,1
,blithe,1
,overshadow,1
,countenance,1
,relentless,1
,energetic,1
,romantic,1
,startling,1
,mere,1
,brawn,1
,chain-smoking,1
,perpetuate,1
,integrity,1
,belie,1
,corpse,1
,signal,1
,cheek,1
,deterrent,1
,societal,1
,dewy,1
,enchant,1
,stress,1
,troubled,1
,naivety,1
,false,1
,fragile,1
,account,1
,combination,1
,endless,1
,glorious,1
,spite,1
,restore,1
,emphasis,1
,unused,1
,marital,1
,mistaken,1
,overall,1
,aid,1
,optimism,1
,permanent,1
,retardation,1
,value,1
,naive,1
,versus,1
,pursuit,1
,outlive,1
,overwhelming,1
,cosmetic,1
,elegance,1
,fade,1
,enthusiasm,1
,terror,1
,imaginative,1
,advancing,1
,cult,1
,prisoner,1
,encampment,1
,simulate,1
,berth,1
,carriage,1
,dermatological,1
,freshness,1
,fertility,1
,round,1
,flavor,1
,unfailing,1
,trait,1
,hue,1
,luxuriant,1
,passion,1
,bicker,1
,obsession,1
,pragmatism,1
,vitality,1
,yeast,1
,barrage,1
,slackness,1
,grape,1
,innumerable,1
,vagabond,1
,attractiveness,1
,rediscover,1
,green,1
,handicap,1
,apparent,1
,pine,1
,sport,1
,surge,1
,rugby,1
,fake,1
,maturity,1
,bald,1
,decayed,1
,retain,1
,sleekness,1
,whimsical,1
,relaxed,1
,rebellion,1
,strain,1
,stainless,1
,possess,1
,eternally,1
,therapy,1
year-earlier,period,59
,quarter,29
,from,24
,share,16
,cent,13
,revenue,13
,compare,12
,percent,12
,sales,11
,profit,11
,level,8
,million,7
,loss,7
,over,5
,decline,4
,per,4
,billion,4
,rise,4
,earnings,3
,include,3
,company,3
,below,2
,adjust,2
,result,2
,proxy,2
,including,2
,fall,2
,list,2
,large,2
,rise,2
,figure,2
,per-share,2
,total,2
,gain,2
,actual,2
,data,2
,advertising,1
,net,1
,cap,1
,roughly,1
,total,1
,reverse,1
,best,1
,constant,1
,excluding,1
,trim,1
,median,1
,climb,1
,clothing,1
,instrument,1
,project,1
,vs,1
,load,1
,since,1
,adjusted,1
,versus,1
,slightly,1
,transaction,1
,continental,1
,slide,1
,analyst,1
,cobalt,1
,quarterly,1
,primarily,1
,eclipse,1
,lap,1
,brand,1
,pace,1
,fee,1
,exchange,1
,buoy,1
,comparison,1
,slow,1
,comparable,1
yes-man,surround,13
,corporate,4
,replace,2
,create,2
,around,2
,crony,2
,entourage,2
,appoint,2
,subservient,1
,tendency,1
,patrician,1
,but,1
,echo,1
,apologize,1
,suspend,1
,tweet,1
,puppet,1
,establishment,1
,jester,1
,pleased,1
,quake,1
,smattering,1
,left,1
,smarmy,1
,apparatchik,1
,novel,1
,supportively,1
,utility,1
,cabal,1
,faithful,1
,hardly,1
,educated,1
,troop,1
,largely,1
,cook,1
,respectful,1
,entirely,1
,swallow,1
,obey,1
,segment,1
,isolation,1
,admittedly,1
,notable,1
,pale,1
,dance,1
,prefer,1
,glee,1
,female,1
,uncle,1
,like-minded,1
,merry,1
,bully,1
,initially,1
,privilege,1
,aggressive,1
,overseas,1
,relation,1
,command,1
,key,1
,bunch,1
,bitch,1
,wind-up,1
,elite,1
,sicko,1
,awful,1
,chime,1
,confidant,1
,wealth,1
,consist,1
,perk,1
,spineless,1
,hollow,1
,charm,1
,right-hand,1
,function,1
,stable,1
,kowtow,1
,prez,1
,grovel,1
,brow,1
,ignorant,1
,chuckle,1
,doll,1
,ear,1
,legalese,1
,beltway,1
,predictable,1
,general,1
,inaccuracy,1
,appointment,1
,visit,1
,loser,1
,recklessly,1
,weaken,1
,broadly,1
,detractor,1
,patronage,1
,cultist,1
,consolidate,1
,effectively,1
,enrage,1
,alibi,1
,smile,1
,tolerance,1
,transform,1
,bum,1
yelling,match,16
,into,9
,part,6
,guy,4
,big,3
,end,3
,fire,3
,fest,2
,yelling,2
,hate,2
,punch-drunk,2
,coach,2
,cynic,2
,scream,2
,crowded,2
,juvenile,2
,crowd,2
,door,2
,discipline,2
,estimate,1
,evil,1
,fake,1
,absent,1
,youngster,1
,apologize,1
,rain,1
,guard,1
,description,1
,lousy,1
,hoax,1
,noise,1
,convention,1
,actual,1
,myriad,1
,check,1
,clap,1
,profanity,1
,likeness,1
,whirlwind,1
,mob,1
,parking,1
,fit,1
,deck,1
,sidestep,1
,knock,1
,capstan,1
,board,1
,rookie,1
,tumble,1
,dozen,1
,reporter,1
,result,1
,designated,1
,footstep,1
,correct,1
,compete,1
,couch,1
,soccer,1
,activist,1
,heifer,1
,congressional,1
,yell,1
,attendant,1
,angry,1
,opening,1
,ignore,1
,rare,1
,secede,1
,talking,1
,personality,1
,bald,1
,marching,1
,stop,1
,trump,1
,policeman,1
,patiently,1
,fang,1
,surprise,1
,accountability,1
,exchange,1
,fleet,1
,nasty,1
,clerk,1
,face-to-face,1
,shift,1
,habit,1
,sideline,1
,bundled,1
yellow-eyed,demon,14
,grass,6
,wolf,4
,glare,4
,kill,4
,species,3
,such,3
,stick,2
,cat,2
,large,2
,rare,2
,breed,2
,seaside,2
,dead,2
,black,2
,creature,2
,huge,2
,cardinal,2
,cooler,1
,leopard,1
,bird,1
,pastel,1
,scaly,1
,seal,1
,prior,1
,royal,1
,skinny,1
,werewolf,1
,lion,1
,lupine,1
,gaze,1
,visage,1
,winter,1
,across,1
,bloom,1
,flit,1
,stake,1
,pant,1
,puff,1
,shrimp,1
,loose,1
,fairy,1
,ashore,1
,expose,1
,widely,1
,bog,1
,stare,1
,tongue,1
,vacation,1
,baleful,1
,slitted,1
,inch,1
,tadpole,1
,beneath,1
,trust,1
,tawny,1
,beak,1
,cluster,1
,chick,1
,fescue,1
,squat,1
,mostly,1
,steady,1
,hound,1
,albatross,1
,peat,1
,owl,1
,imp,1
,pin,1
,cute,1
,lowlife,1
,cross,1
,photograph,1
,macaroni,1
,native,1
,adder,1
,monster,1
,happiness,1
,outer,1
,encircle,1
,terrifying,1
,wound,1
,slender,1
,snow,1
,usual,1
,vary,1
,crested,1
,gorgeous,1
,benefit,1
,disappoint,1
,opposed,1
,contact,1
,lake,1
,endangered,1
,endemic,1
,scare,1
,shaded,1
,southern,1
,darkness,1
,inch,1
,yellow,1
,nest,1
,bullet,1
,vision,1
,muscle,1
,fur,1
,penstemon,1
,encounter,1
,escape,1
,swoop,1
yellow-brown,body,6
,eye,5
,stain,3
,color,3
,leaf,3
,grass,3
,through,3
,smooth,2
,humic,2
,cap,2
,testicle,2
,uniform,2
,sparse,2
,tooth,2
,turn,2
,edge,2
,girl,2
,stripe,2
,pale,2
,stained,2
,stubble,2
,intersperse,2
,present,2
,tall,2
,show,2
,little,2
,around,2
,porous,1
,familiar,1
,teste,1
,needle,1
,taper,1
,cracked,1
,tinting,1
,knee-high,1
,crumb,1
,combination,1
,glisten,1
,skin,1
,beard,1
,fasten,1
,harried,1
,girth,1
,dress,1
,sequence,1
,smoking,1
,sweat,1
,female,1
,translucent,1
,texture,1
,but,1
,deep,1
,float,1
,circular,1
,dappled,1
,hue,1
,turd,1
,bump,1
,pair,1
,newly,1
,tiger,1
,tannin,1
,stylish,1
,tired,1
,hollow,1
,patch,1
,pine,1
,protein,1
,elevator,1
,gray,1
,fly,1
,sustain,1
,slink,1
,brush,1
,regenerate,1
,loess,1
,abdomen,1
,photograph,1
,impeccably,1
,flap,1
,thin,1
,substance,1
,lawn,1
,prison,1
,gold,1
,first,1
,tomato,1
,wave,1
,while,1
,sand,1
,wallpaper,1
,bright,1
,moon,1
,polish,1
,characteristic,1
,pinkish,1
,bottom,1
,scatter,1
,mud,1
,presence,1
,female,1
,indication,1
,yellow-green,1
,blankly,1
,result,1
,granular,1
,latex,1
,jacket,1
,developing,1
,extract,1
,fall,1
,lane,1
,hallway,1
,cloud,1
,aura,1
,brush,1
,paint,1
,chosen,1
,dust,1
,drain,1
,cast,1
,pizza,1
,decaying,1
,fuchsia,1
,vapor,1
,pipe,1
,rain,1
,spot,1
,smear,1
,mouth,1
,oocyte,1
,linoleum,1
,undergrowth,1
,appearance,1
,single-celled,1
,acid,1
,notebook,1
,press,1
,empty,1
,runny,1
,brick,1
,spread,1
,smog,1
,utilitarian,1
,lazy,1
,left,1
,twig,1
,innovative,1
,altogether,1
,stare,1
,soil,1
,shadow,1
,stalk,1
,fading,1
,towards,1
,multiple,1
,shriveled,1
,lanky,1
,light,1
,citrus,1
,finger,1
,shrivel,1
,bird,1
,fruit,1
,gem,1
youthful-looking,more,7
,still,3
,skin,3
,man,3
,gentleman,2
,wife,2
,always,2
,woman,2
,hair,2
,hand,2
,vibrant,2
,image,1
,legendary,1
,suppleness,1
,surprisingly,1
,therapy,1
,thick,1
,thin,1
,thought,1
,ability,1
,actor,1
,admiral,1
,lock,1
,headmaster,1
,workaholic,1
,wrinkle,1
,star,1
,anywhere,1
,maintain,1
,sleep,1
,smile,1
,smiling,1
,society,1
,solitary,1
,enticing,1
,eternally,1
,exceedingly,1
,straight-backed,1
,strand,1
,suit,1
,fast,1
,female,1
,fiery,1
,shoe,1
,shoulder-length,1
,manage,1
,necessary,1
,balding,1
,bedcover,1
,brown,1
,official,1
,omniscient,1
,closely,1
,coach,1
,color,1
,comfortably,1
,comforting,1
,pair,1
,bustle,1
,orbit,1
,otherwise,1
,porn,1
,petite,1
,posture,1
,preserve,1
,racially,1
,divided,1
,dutch,1
,dye,1
,rest,1
,retired,1
,retiree,1
,catch,1
,progressive,1
,scout,1
,relative,1
,remarkably,1
,generally,1
,spender,1
